case,partition_seed,init_seed,attention_joint,active_global_joint,local_joint,global_probe_joint,global_gate
DEV04_partition101_seed400,101,400,0.997802734375,0.93768310546875,0.7525634765625,0.952392578125,True
DEV04_partition101_seed401,101,401,0.9979248046875,0.9481201171875,0.81488037109375,0.95703125,True
DEV04_partition101_seed402,101,402,0.99810791015625,0.93658447265625,0.89910888671875,0.9395751953125,False
DEV04_partition101_seed403,101,403,0.99761962890625,0.944580078125,0.8853759765625,0.9429931640625,False
DEV04_partition102_seed404,102,404,0.99835205078125,0.92413330078125,0.77313232421875,0.92431640625,False
DEV04_partition102_seed405,102,405,0.99884033203125,0.912353515625,0.701171875,0.92041015625,False
DEV04_partition102_seed406,102,406,0.9970703125,0.9188232421875,0.88458251953125,0.9287109375,False
DEV04_partition102_seed407,102,407,0.996826171875,0.945068359375,0.88665771484375,0.9442138671875,False
DEV04_partition103_seed408,103,408,0.99517822265625,0.8607177734375,0.672607421875,0.8946533203125,False
DEV04_partition103_seed409,103,409,0.9923095703125,0.96087646484375,0.92138671875,0.96337890625,True
DEV04_partition103_seed410,103,410,0.99578857421875,0.93505859375,0.89794921875,0.93798828125,False
DEV04_partition103_seed411,103,411,0.999267578125,0.9876708984375,0.9263916015625,0.990966796875,True
