bank_id,seed,kind,router,topic,n,correct,accuracy,binding,macro_all_roles,cross_entropy,expert_slots,nominal_expert_parameters,unique_checkpoint_parameters,gate_parameters,AGENTE_n,AGENTE_correct,AGENTE_accuracy,ACCION_n,ACCION_correct,ACCION_accuracy,PACIENTE_n,PACIENTE_correct,PACIENTE_accuracy,LUGAR_n,LUGAR_correct,LUGAR_accuracy
snapshots_i20,20,snapshots,uniform,all,3072,1206,0.392578125,0.06901041666666667,0.392578125,1.9934496793052892,3,89472,89472,0,768,74,0.09635416666666667,768,576,0.75,768,32,0.041666666666666664,768,524,0.6822916666666666
snapshots_i20,20,snapshots,uniform,0,1024,365,0.3564453125,0.0,0.3564453125,1.9091270233002637,3,89472,89472,0,256,0,0.0,256,191,0.74609375,256,0,0.0,256,174,0.6796875
snapshots_i20,20,snapshots,uniform,1,1024,389,0.3798828125,0.056640625,0.3798828125,1.9732531278545347,3,89472,89472,0,256,28,0.109375,256,183,0.71484375,256,1,0.00390625,256,177,0.69140625
snapshots_i20,20,snapshots,uniform,2,1024,452,0.44140625,0.150390625,0.44140625,2.0979688867610684,3,89472,89472,0,256,46,0.1796875,256,202,0.7890625,256,31,0.12109375,256,173,0.67578125
snapshots_i20,20,snapshots,random,all,3072,699,0.2275390625,0.0859375,0.2275390625,5.5022901359140794,3,89472,89472,0,768,80,0.10416666666666667,768,288,0.375,768,52,0.06770833333333333,768,279,0.36328125
snapshots_i20,20,snapshots,random,0,1024,246,0.240234375,0.111328125,0.240234375,5.973044178752951,3,89472,89472,0,256,35,0.13671875,256,99,0.38671875,256,22,0.0859375,256,90,0.3515625
snapshots_i20,20,snapshots,random,1,1024,224,0.21875,0.072265625,0.21875,5.727884369192099,3,89472,89472,0,256,18,0.0703125,256,91,0.35546875,256,19,0.07421875,256,96,0.375
snapshots_i20,20,snapshots,random,2,1024,229,0.2236328125,0.07421875,0.2236328125,4.805941859797189,3,89472,89472,0,256,27,0.10546875,256,98,0.3828125,256,11,0.04296875,256,93,0.36328125
snapshots_i20,20,snapshots,scanner,all,3072,834,0.271484375,0.23307291666666666,0.271484375,2.1038822898706706,3,89472,89472,0,768,220,0.2864583333333333,768,230,0.2994791666666667,768,138,0.1796875,768,246,0.3203125
snapshots_i20,20,snapshots,scanner,0,1024,204,0.19921875,0.291015625,0.19921875,1.9111936484114267,3,89472,89472,0,256,82,0.3203125,256,20,0.078125,256,67,0.26171875,256,35,0.13671875
snapshots_i20,20,snapshots,scanner,1,1024,225,0.2197265625,0.20703125,0.2197265625,1.9113203879935057,3,89472,89472,0,256,67,0.26171875,256,40,0.15625,256,39,0.15234375,256,79,0.30859375
snapshots_i20,20,snapshots,scanner,2,1024,405,0.3955078125,0.201171875,0.3955078125,2.48913283320708,3,89472,89472,0,256,71,0.27734375,256,170,0.6640625,256,32,0.125,256,132,0.515625
snapshots_i20,20,snapshots,learned,all,3072,1442,0.4694010416666667,0.22916666666666669,0.4694010416666667,1.5738608849989164,3,89472,89472,120,768,222,0.2890625,768,573,0.74609375,768,130,0.16927083333333334,768,517,0.6731770833333334
snapshots_i20,20,snapshots,learned,0,1024,490,0.478515625,0.259765625,0.478515625,1.566997173794645,3,89472,89472,120,256,78,0.3046875,256,185,0.72265625,256,55,0.21484375,256,172,0.671875
snapshots_i20,20,snapshots,learned,1,1024,470,0.458984375,0.203125,0.458984375,1.5929784735763106,3,89472,89472,120,256,66,0.2578125,256,190,0.7421875,256,38,0.1484375,256,176,0.6875
snapshots_i20,20,snapshots,learned,2,1024,482,0.470703125,0.224609375,0.470703125,1.5616070076257933,3,89472,89472,120,256,78,0.3046875,256,198,0.7734375,256,37,0.14453125,256,169,0.66015625
duplicate_slots_i20,20,duplicate_slots,uniform,all,3072,520,0.16927083333333334,0.06901041666666666,0.16927083333333334,3.466380633305109,3,89472,59648,0,768,67,0.08723958333333333,768,197,0.2565104166666667,768,39,0.05078125,768,217,0.2825520833333333
duplicate_slots_i20,20,duplicate_slots,uniform,0,1024,144,0.140625,0.0,0.140625,2.251279125328346,3,89472,59648,0,256,0,0.0,256,81,0.31640625,256,0,0.0,256,63,0.24609375
duplicate_slots_i20,20,duplicate_slots,uniform,1,1024,230,0.224609375,0.20703125,0.224609375,2.013385633964522,3,89472,59648,0,256,67,0.26171875,256,46,0.1796875,256,39,0.15234375,256,78,0.3046875
duplicate_slots_i20,20,duplicate_slots,uniform,2,1024,146,0.142578125,0.0,0.142578125,6.134477140622457,3,89472,59648,0,256,0,0.0,256,70,0.2734375,256,0,0.0,256,76,0.296875
duplicate_slots_i20,20,duplicate_slots,random,all,3072,467,0.15201822916666666,0.08463541666666666,0.15201822916666666,4.94616541869835,3,89472,59648,0,768,81,0.10546875,768,160,0.20833333333333334,768,49,0.06380208333333333,768,177,0.23046875
duplicate_slots_i20,20,duplicate_slots,random,0,1024,168,0.1640625,0.111328125,0.1640625,4.867768942604432,3,89472,59648,0,256,35,0.13671875,256,61,0.23828125,256,22,0.0859375,256,50,0.1953125
duplicate_slots_i20,20,duplicate_slots,random,1,1024,178,0.173828125,0.142578125,0.173828125,3.3209120657404085,3,89472,59648,0,256,46,0.1796875,256,42,0.1640625,256,27,0.10546875,256,63,0.24609375
duplicate_slots_i20,20,duplicate_slots,random,2,1024,121,0.1181640625,0.0,0.1181640625,6.649815247750212,3,89472,59648,0,256,0,0.0,256,57,0.22265625,256,0,0.0,256,64,0.25
duplicate_slots_i20,20,duplicate_slots,scanner,all,3072,516,0.16796875,0.166015625,0.16796875,3.4903556707377583,3,89472,59648,0,768,149,0.19401041666666666,768,96,0.125,768,106,0.13802083333333334,768,165,0.21484375
duplicate_slots_i20,20,duplicate_slots,scanner,0,1024,204,0.19921875,0.291015625,0.19921875,1.9111936484114267,3,89472,59648,0,256,82,0.3203125,256,20,0.078125,256,67,0.26171875,256,35,0.13671875
duplicate_slots_i20,20,duplicate_slots,scanner,1,1024,223,0.2177734375,0.20703125,0.2177734375,1.9133056640750468,3,89472,59648,0,256,67,0.26171875,256,39,0.15234375,256,39,0.15234375,256,78,0.3046875
duplicate_slots_i20,20,duplicate_slots,scanner,2,1024,89,0.0869140625,0.0,0.0869140625,6.646567699726802,3,89472,59648,0,256,0,0.0,256,37,0.14453125,256,0,0.0,256,52,0.203125
duplicate_slots_i20,20,duplicate_slots,learned,all,3072,656,0.21354166666666666,0.1640625,0.21354166666666666,3.287661437771559,3,89472,59648,120,768,146,0.19010416666666666,768,185,0.24088541666666666,768,106,0.13802083333333334,768,219,0.28515625
duplicate_slots_i20,20,duplicate_slots,learned,0,1024,281,0.2744140625,0.28515625,0.2744140625,1.885398173631374,3,89472,59648,120,256,79,0.30859375,256,71,0.27734375,256,67,0.26171875,256,64,0.25
duplicate_slots_i20,20,duplicate_slots,learned,1,1024,231,0.2255859375,0.20703125,0.2255859375,1.9837530022693202,3,89472,59648,120,256,67,0.26171875,256,45,0.17578125,256,39,0.15234375,256,80,0.3125
duplicate_slots_i20,20,duplicate_slots,learned,2,1024,144,0.140625,0.0,0.140625,5.993833137413982,3,89472,59648,120,256,0,0.0,256,69,0.26953125,256,0,0.0,256,75,0.29296875
single_final_i20,20,single_final,uniform,all,3072,1197,0.3896484375,0.07486979166666667,0.3896484375,7.216191535211638,1,29824,29824,0,768,78,0.1015625,768,566,0.7369791666666666,768,37,0.048177083333333336,768,516,0.671875
single_final_i20,20,single_final,uniform,0,1024,354,0.345703125,0.0,0.345703125,10.465164653256204,1,29824,29824,0,256,0,0.0,256,182,0.7109375,256,0,0.0,256,172,0.671875
single_final_i20,20,single_final,uniform,1,1024,363,0.3544921875,0.0,0.3544921875,9.561833410807598,1,29824,29824,0,256,0,0.0,256,187,0.73046875,256,0,0.0,256,176,0.6875
single_final_i20,20,single_final,uniform,2,1024,480,0.46875,0.224609375,0.46875,1.6215765415711092,1,29824,29824,0,256,78,0.3046875,256,197,0.76953125,256,37,0.14453125,256,168,0.65625
adaptive_novelty_i20,20,adaptive_novelty,uniform,all,3072,1206,0.392578125,0.06901041666666667,0.392578125,1.9934496793052892,3,89472,89472,0,768,74,0.09635416666666667,768,576,0.75,768,32,0.041666666666666664,768,524,0.6822916666666666
adaptive_novelty_i20,20,adaptive_novelty,uniform,0,1024,365,0.3564453125,0.0,0.3564453125,1.9091270233002637,3,89472,89472,0,256,0,0.0,256,191,0.74609375,256,0,0.0,256,174,0.6796875
adaptive_novelty_i20,20,adaptive_novelty,uniform,1,1024,389,0.3798828125,0.056640625,0.3798828125,1.9732531278545347,3,89472,89472,0,256,28,0.109375,256,183,0.71484375,256,1,0.00390625,256,177,0.69140625
adaptive_novelty_i20,20,adaptive_novelty,uniform,2,1024,452,0.44140625,0.150390625,0.44140625,2.0979688867610684,3,89472,89472,0,256,46,0.1796875,256,202,0.7890625,256,31,0.12109375,256,173,0.67578125
adaptive_novelty_i20,20,adaptive_novelty,random,all,3072,699,0.2275390625,0.0859375,0.2275390625,5.5022901359140794,3,89472,89472,0,768,80,0.10416666666666667,768,288,0.375,768,52,0.06770833333333333,768,279,0.36328125
adaptive_novelty_i20,20,adaptive_novelty,random,0,1024,246,0.240234375,0.111328125,0.240234375,5.973044178752951,3,89472,89472,0,256,35,0.13671875,256,99,0.38671875,256,22,0.0859375,256,90,0.3515625
adaptive_novelty_i20,20,adaptive_novelty,random,1,1024,224,0.21875,0.072265625,0.21875,5.727884369192099,3,89472,89472,0,256,18,0.0703125,256,91,0.35546875,256,19,0.07421875,256,96,0.375
adaptive_novelty_i20,20,adaptive_novelty,random,2,1024,229,0.2236328125,0.07421875,0.2236328125,4.805941859797189,3,89472,89472,0,256,27,0.10546875,256,98,0.3828125,256,11,0.04296875,256,93,0.36328125
adaptive_novelty_i20,20,adaptive_novelty,scanner,all,3072,834,0.271484375,0.23307291666666666,0.271484375,2.1038822898706706,3,89472,89472,0,768,220,0.2864583333333333,768,230,0.2994791666666667,768,138,0.1796875,768,246,0.3203125
adaptive_novelty_i20,20,adaptive_novelty,scanner,0,1024,204,0.19921875,0.291015625,0.19921875,1.9111936484114267,3,89472,89472,0,256,82,0.3203125,256,20,0.078125,256,67,0.26171875,256,35,0.13671875
adaptive_novelty_i20,20,adaptive_novelty,scanner,1,1024,225,0.2197265625,0.20703125,0.2197265625,1.9113203879935057,3,89472,89472,0,256,67,0.26171875,256,40,0.15625,256,39,0.15234375,256,79,0.30859375
adaptive_novelty_i20,20,adaptive_novelty,scanner,2,1024,405,0.3955078125,0.201171875,0.3955078125,2.48913283320708,3,89472,89472,0,256,71,0.27734375,256,170,0.6640625,256,32,0.125,256,132,0.515625
adaptive_novelty_i20,20,adaptive_novelty,learned,all,3072,1442,0.4694010416666667,0.22916666666666669,0.4694010416666667,1.5738608849989164,3,89472,89472,120,768,222,0.2890625,768,573,0.74609375,768,130,0.16927083333333334,768,517,0.6731770833333334
adaptive_novelty_i20,20,adaptive_novelty,learned,0,1024,490,0.478515625,0.259765625,0.478515625,1.566997173794645,3,89472,89472,120,256,78,0.3046875,256,185,0.72265625,256,55,0.21484375,256,172,0.671875
adaptive_novelty_i20,20,adaptive_novelty,learned,1,1024,470,0.458984375,0.203125,0.458984375,1.5929784735763106,3,89472,89472,120,256,66,0.2578125,256,190,0.7421875,256,38,0.1484375,256,176,0.6875
adaptive_novelty_i20,20,adaptive_novelty,learned,2,1024,482,0.470703125,0.224609375,0.470703125,1.5616070076257933,3,89472,89472,120,256,78,0.3046875,256,198,0.7734375,256,37,0.14453125,256,169,0.66015625
adaptive_resonance_i20,20,adaptive_resonance,uniform,all,3072,1197,0.3896484375,0.07486979166666667,0.3896484375,7.216191535211638,1,29824,29824,0,768,78,0.1015625,768,566,0.7369791666666666,768,37,0.048177083333333336,768,516,0.671875
adaptive_resonance_i20,20,adaptive_resonance,uniform,0,1024,354,0.345703125,0.0,0.345703125,10.465164653256204,1,29824,29824,0,256,0,0.0,256,182,0.7109375,256,0,0.0,256,172,0.671875
adaptive_resonance_i20,20,adaptive_resonance,uniform,1,1024,363,0.3544921875,0.0,0.3544921875,9.561833410807598,1,29824,29824,0,256,0,0.0,256,187,0.73046875,256,0,0.0,256,176,0.6875
adaptive_resonance_i20,20,adaptive_resonance,uniform,2,1024,480,0.46875,0.224609375,0.46875,1.6215765415711092,1,29824,29824,0,256,78,0.3046875,256,197,0.76953125,256,37,0.14453125,256,168,0.65625
adaptive_resonance_i20,20,adaptive_resonance,random,all,3072,1197,0.3896484375,0.07486979166666667,0.3896484375,7.216191535211638,1,29824,29824,0,768,78,0.1015625,768,566,0.7369791666666666,768,37,0.048177083333333336,768,516,0.671875
adaptive_resonance_i20,20,adaptive_resonance,random,0,1024,354,0.345703125,0.0,0.345703125,10.465164653256204,1,29824,29824,0,256,0,0.0,256,182,0.7109375,256,0,0.0,256,172,0.671875
adaptive_resonance_i20,20,adaptive_resonance,random,1,1024,363,0.3544921875,0.0,0.3544921875,9.561833410807598,1,29824,29824,0,256,0,0.0,256,187,0.73046875,256,0,0.0,256,176,0.6875
adaptive_resonance_i20,20,adaptive_resonance,random,2,1024,480,0.46875,0.224609375,0.46875,1.6215765415711092,1,29824,29824,0,256,78,0.3046875,256,197,0.76953125,256,37,0.14453125,256,168,0.65625
adaptive_resonance_i20,20,adaptive_resonance,scanner,all,3072,1197,0.3896484375,0.07486979166666667,0.3896484375,7.216191535211638,1,29824,29824,0,768,78,0.1015625,768,566,0.7369791666666666,768,37,0.048177083333333336,768,516,0.671875
adaptive_resonance_i20,20,adaptive_resonance,scanner,0,1024,354,0.345703125,0.0,0.345703125,10.465164653256204,1,29824,29824,0,256,0,0.0,256,182,0.7109375,256,0,0.0,256,172,0.671875
adaptive_resonance_i20,20,adaptive_resonance,scanner,1,1024,363,0.3544921875,0.0,0.3544921875,9.561833410807598,1,29824,29824,0,256,0,0.0,256,187,0.73046875,256,0,0.0,256,176,0.6875
adaptive_resonance_i20,20,adaptive_resonance,scanner,2,1024,480,0.46875,0.224609375,0.46875,1.6215765415711092,1,29824,29824,0,256,78,0.3046875,256,197,0.76953125,256,37,0.14453125,256,168,0.65625
adaptive_resonance_i20,20,adaptive_resonance,learned,all,3072,1197,0.3896484375,0.07486979166666667,0.3896484375,7.216191535211638,1,29824,29824,40,768,78,0.1015625,768,566,0.7369791666666666,768,37,0.048177083333333336,768,516,0.671875
adaptive_resonance_i20,20,adaptive_resonance,learned,0,1024,354,0.345703125,0.0,0.345703125,10.465164653256204,1,29824,29824,40,256,0,0.0,256,182,0.7109375,256,0,0.0,256,172,0.671875
adaptive_resonance_i20,20,adaptive_resonance,learned,1,1024,363,0.3544921875,0.0,0.3544921875,9.561833410807598,1,29824,29824,40,256,0,0.0,256,187,0.73046875,256,0,0.0,256,176,0.6875
adaptive_resonance_i20,20,adaptive_resonance,learned,2,1024,480,0.46875,0.224609375,0.46875,1.6215765415711092,1,29824,29824,40,256,78,0.3046875,256,197,0.76953125,256,37,0.14453125,256,168,0.65625
snapshots_i21,21,snapshots,uniform,all,3072,1236,0.40234375,0.07942708333333334,0.40234375,1.9528571547581592,3,89472,89472,0,768,77,0.10026041666666667,768,528,0.6875,768,45,0.05859375,768,586,0.7630208333333334
snapshots_i21,21,snapshots,uniform,0,1024,378,0.369140625,0.0625,0.369140625,1.9247275476751027,3,89472,89472,0,256,15,0.05859375,256,163,0.63671875,256,17,0.06640625,256,183,0.71484375
snapshots_i21,21,snapshots,uniform,1,1024,402,0.392578125,0.04296875,0.392578125,1.841751823036863,3,89472,89472,0,256,10,0.0390625,256,193,0.75390625,256,12,0.046875,256,187,0.73046875
snapshots_i21,21,snapshots,uniform,2,1024,456,0.4453125,0.1328125,0.4453125,2.0920920935625125,3,89472,89472,0,256,52,0.203125,256,172,0.671875,256,16,0.0625,256,216,0.84375
snapshots_i21,21,snapshots,random,all,3072,827,0.2692057291666667,0.07942708333333334,0.2692057291666667,5.879885237543443,3,89472,89472,0,768,71,0.09244791666666667,768,279,0.36328125,768,51,0.06640625,768,426,0.5546875
snapshots_i21,21,snapshots,random,0,1024,281,0.2744140625,0.10546875,0.2744140625,5.951648503824892,3,89472,89472,0,256,33,0.12890625,256,90,0.3515625,256,21,0.08203125,256,137,0.53515625
snapshots_i21,21,snapshots,random,1,1024,274,0.267578125,0.0703125,0.267578125,6.096051567861847,3,89472,89472,0,256,13,0.05078125,256,101,0.39453125,256,23,0.08984375,256,137,0.53515625
snapshots_i21,21,snapshots,random,2,1024,272,0.265625,0.0625,0.265625,5.591955640943589,3,89472,89472,0,256,25,0.09765625,256,88,0.34375,256,7,0.02734375,256,152,0.59375
snapshots_i21,21,snapshots,scanner,all,3072,1048,0.3411458333333333,0.224609375,0.34114583333333337,2.260362391408016,3,89472,89472,0,768,197,0.2565104166666667,768,270,0.3515625,768,148,0.19270833333333334,768,433,0.5638020833333334
snapshots_i21,21,snapshots,scanner,0,1024,229,0.2236328125,0.2578125,0.2236328125,2.526022658822642,3,89472,89472,0,256,75,0.29296875,256,37,0.14453125,256,57,0.22265625,256,60,0.234375
snapshots_i21,21,snapshots,scanner,1,1024,379,0.3701171875,0.244140625,0.3701171875,1.7391302574121443,3,89472,89472,0,256,61,0.23828125,256,78,0.3046875,256,64,0.25,256,176,0.6875
snapshots_i21,21,snapshots,scanner,2,1024,440,0.4296875,0.171875,0.4296875,2.515934257989262,3,89472,89472,0,256,61,0.23828125,256,155,0.60546875,256,27,0.10546875,256,197,0.76953125
snapshots_i21,21,snapshots,learned,all,3072,1471,0.4788411458333333,0.23828125,0.4788411458333333,1.5703320497830502,3,89472,89472,120,768,212,0.2760416666666667,768,533,0.6940104166666666,768,154,0.20052083333333334,768,572,0.7447916666666666
snapshots_i21,21,snapshots,learned,0,1024,493,0.4814453125,0.275390625,0.4814453125,1.6270956426074705,3,89472,89472,120,256,78,0.3046875,256,165,0.64453125,256,63,0.24609375,256,187,0.73046875
snapshots_i21,21,snapshots,learned,1,1024,501,0.4892578125,0.2421875,0.4892578125,1.4444556384095881,3,89472,89472,120,256,60,0.234375,256,197,0.76953125,256,64,0.25,256,180,0.703125
snapshots_i21,21,snapshots,learned,2,1024,477,0.4658203125,0.197265625,0.4658203125,1.6394448683320921,3,89472,89472,120,256,74,0.2890625,256,171,0.66796875,256,27,0.10546875,256,205,0.80078125
duplicate_slots_i21,21,duplicate_slots,uniform,all,3072,853,0.2776692708333333,0.08072916666666666,0.2776692708333333,3.4324880544597463,3,89472,59648,0,768,60,0.078125,768,213,0.27734375,768,64,0.08333333333333333,768,516,0.671875
duplicate_slots_i21,21,duplicate_slots,uniform,0,1024,221,0.2158203125,0.0,0.2158203125,2.2122019701840703,3,89472,59648,0,256,0,0.0,256,73,0.28515625,256,0,0.0,256,148,0.578125
duplicate_slots_i21,21,duplicate_slots,uniform,1,1024,371,0.3623046875,0.2421875,0.3623046875,1.7343863624649978,3,89472,59648,0,256,60,0.234375,256,70,0.2734375,256,64,0.25,256,177,0.69140625
duplicate_slots_i21,21,duplicate_slots,uniform,2,1024,261,0.2548828125,0.0,0.2548828125,6.350875830730171,3,89472,59648,0,256,0,0.0,256,70,0.2734375,256,0,0.0,256,191,0.74609375
duplicate_slots_i21,21,duplicate_slots,random,all,3072,720,0.234375,0.09049479166666666,0.234375,5.444482005871052,3,89472,59648,0,768,73,0.09505208333333333,768,171,0.22265625,768,66,0.0859375,768,410,0.5338541666666666
duplicate_slots_i21,21,duplicate_slots,random,0,1024,236,0.23046875,0.10546875,0.23046875,5.576949325604857,3,89472,59648,0,256,33,0.12890625,256,59,0.23046875,256,21,0.08203125,256,123,0.48046875
duplicate_slots_i21,21,duplicate_slots,random,1,1024,280,0.2734375,0.166015625,0.2734375,3.5052856683454805,3,89472,59648,0,256,40,0.15625,256,59,0.23046875,256,45,0.17578125,256,136,0.53125
duplicate_slots_i21,21,duplicate_slots,random,2,1024,204,0.19921875,0.0,0.19921875,7.251211023662817,3,89472,59648,0,256,0,0.0,256,53,0.20703125,256,0,0.0,256,151,0.58984375
duplicate_slots_i21,21,duplicate_slots,scanner,all,3072,832,0.2708333333333333,0.16796875,0.2708333333333333,3.730224893489271,3,89472,59648,0,768,136,0.17708333333333334,768,167,0.21744791666666666,768,122,0.15885416666666666,768,407,0.5299479166666666
duplicate_slots_i21,21,duplicate_slots,scanner,0,1024,225,0.2197265625,0.2578125,0.2197265625,2.492025159024161,3,89472,59648,0,256,75,0.29296875,256,33,0.12890625,256,57,0.22265625,256,60,0.234375
duplicate_slots_i21,21,duplicate_slots,scanner,1,1024,378,0.369140625,0.24609375,0.369140625,1.6391410321591469,3,89472,59648,0,256,61,0.23828125,256,76,0.296875,256,65,0.25390625,256,176,0.6875
duplicate_slots_i21,21,duplicate_slots,scanner,2,1024,229,0.2236328125,0.0,0.2236328125,7.0595084892845055,3,89472,59648,0,256,0,0.0,256,58,0.2265625,256,0,0.0,256,171,0.66796875
duplicate_slots_i21,21,duplicate_slots,learned,all,3072,987,0.3212890625,0.173828125,0.3212890625,3.2437172959466687,3,89472,59648,120,768,140,0.18229166666666666,768,211,0.2747395833333333,768,127,0.16536458333333334,768,509,0.6627604166666666
duplicate_slots_i21,21,duplicate_slots,learned,0,1024,355,0.3466796875,0.27734375,0.3466796875,1.8539829580513187,3,89472,59648,120,256,79,0.30859375,256,71,0.27734375,256,63,0.24609375,256,142,0.5546875
duplicate_slots_i21,21,duplicate_slots,learned,1,1024,370,0.361328125,0.244140625,0.361328125,1.6493470569167217,3,89472,59648,120,256,61,0.23828125,256,71,0.27734375,256,64,0.25,256,174,0.6796875
duplicate_slots_i21,21,duplicate_slots,learned,2,1024,262,0.255859375,0.0,0.255859375,6.227821872871965,3,89472,59648,120,256,0,0.0,256,69,0.26953125,256,0,0.0,256,193,0.75390625
single_final_i21,21,single_final,uniform,all,3072,1185,0.3857421875,0.06575520833333334,0.3857421875,6.7110132938592315,1,29824,29824,0,768,74,0.09635416666666667,768,522,0.6796875,768,27,0.03515625,768,562,0.7317708333333334
single_final_i21,21,single_final,uniform,0,1024,346,0.337890625,0.0,0.337890625,8.996606366978991,1,29824,29824,0,256,0,0.0,256,159,0.62109375,256,0,0.0,256,187,0.73046875
single_final_i21,21,single_final,uniform,1,1024,362,0.353515625,0.0,0.353515625,9.097419124296877,1,29824,29824,0,256,0,0.0,256,192,0.75,256,0,0.0,256,170,0.6640625
single_final_i21,21,single_final,uniform,2,1024,477,0.4658203125,0.197265625,0.4658203125,2.0390143903018254,1,29824,29824,0,256,74,0.2890625,256,171,0.66796875,256,27,0.10546875,256,205,0.80078125
adaptive_novelty_i21,21,adaptive_novelty,uniform,all,3072,1236,0.40234375,0.07942708333333334,0.40234375,1.9528571547581592,3,89472,89472,0,768,77,0.10026041666666667,768,528,0.6875,768,45,0.05859375,768,586,0.7630208333333334
adaptive_novelty_i21,21,adaptive_novelty,uniform,0,1024,378,0.369140625,0.0625,0.369140625,1.9247275476751027,3,89472,89472,0,256,15,0.05859375,256,163,0.63671875,256,17,0.06640625,256,183,0.71484375
adaptive_novelty_i21,21,adaptive_novelty,uniform,1,1024,402,0.392578125,0.04296875,0.392578125,1.841751823036863,3,89472,89472,0,256,10,0.0390625,256,193,0.75390625,256,12,0.046875,256,187,0.73046875
adaptive_novelty_i21,21,adaptive_novelty,uniform,2,1024,456,0.4453125,0.1328125,0.4453125,2.0920920935625125,3,89472,89472,0,256,52,0.203125,256,172,0.671875,256,16,0.0625,256,216,0.84375
adaptive_novelty_i21,21,adaptive_novelty,random,all,3072,827,0.2692057291666667,0.07942708333333334,0.2692057291666667,5.879885237543443,3,89472,89472,0,768,71,0.09244791666666667,768,279,0.36328125,768,51,0.06640625,768,426,0.5546875
adaptive_novelty_i21,21,adaptive_novelty,random,0,1024,281,0.2744140625,0.10546875,0.2744140625,5.951648503824892,3,89472,89472,0,256,33,0.12890625,256,90,0.3515625,256,21,0.08203125,256,137,0.53515625
adaptive_novelty_i21,21,adaptive_novelty,random,1,1024,274,0.267578125,0.0703125,0.267578125,6.096051567861847,3,89472,89472,0,256,13,0.05078125,256,101,0.39453125,256,23,0.08984375,256,137,0.53515625
adaptive_novelty_i21,21,adaptive_novelty,random,2,1024,272,0.265625,0.0625,0.265625,5.591955640943589,3,89472,89472,0,256,25,0.09765625,256,88,0.34375,256,7,0.02734375,256,152,0.59375
adaptive_novelty_i21,21,adaptive_novelty,scanner,all,3072,1048,0.3411458333333333,0.224609375,0.34114583333333337,2.260362391408016,3,89472,89472,0,768,197,0.2565104166666667,768,270,0.3515625,768,148,0.19270833333333334,768,433,0.5638020833333334
adaptive_novelty_i21,21,adaptive_novelty,scanner,0,1024,229,0.2236328125,0.2578125,0.2236328125,2.526022658822642,3,89472,89472,0,256,75,0.29296875,256,37,0.14453125,256,57,0.22265625,256,60,0.234375
adaptive_novelty_i21,21,adaptive_novelty,scanner,1,1024,379,0.3701171875,0.244140625,0.3701171875,1.7391302574121443,3,89472,89472,0,256,61,0.23828125,256,78,0.3046875,256,64,0.25,256,176,0.6875
adaptive_novelty_i21,21,adaptive_novelty,scanner,2,1024,440,0.4296875,0.171875,0.4296875,2.515934257989262,3,89472,89472,0,256,61,0.23828125,256,155,0.60546875,256,27,0.10546875,256,197,0.76953125
adaptive_novelty_i21,21,adaptive_novelty,learned,all,3072,1471,0.4788411458333333,0.23828125,0.4788411458333333,1.5703320497830502,3,89472,89472,120,768,212,0.2760416666666667,768,533,0.6940104166666666,768,154,0.20052083333333334,768,572,0.7447916666666666
adaptive_novelty_i21,21,adaptive_novelty,learned,0,1024,493,0.4814453125,0.275390625,0.4814453125,1.6270956426074705,3,89472,89472,120,256,78,0.3046875,256,165,0.64453125,256,63,0.24609375,256,187,0.73046875
adaptive_novelty_i21,21,adaptive_novelty,learned,1,1024,501,0.4892578125,0.2421875,0.4892578125,1.4444556384095881,3,89472,89472,120,256,60,0.234375,256,197,0.76953125,256,64,0.25,256,180,0.703125
adaptive_novelty_i21,21,adaptive_novelty,learned,2,1024,477,0.4658203125,0.197265625,0.4658203125,1.6394448683320921,3,89472,89472,120,256,74,0.2890625,256,171,0.66796875,256,27,0.10546875,256,205,0.80078125
adaptive_resonance_i21,21,adaptive_resonance,uniform,all,3072,1176,0.3828125,0.07161458333333333,0.3828125,3.3911253543119817,2,59648,59648,0,768,75,0.09765625,768,516,0.671875,768,35,0.045572916666666664,768,550,0.7161458333333334
adaptive_resonance_i21,21,adaptive_resonance,uniform,0,1024,374,0.365234375,0.06640625,0.365234375,1.7664457274179641,2,59648,59648,0,256,16,0.0625,256,161,0.62890625,256,18,0.0703125,256,179,0.69921875
adaptive_resonance_i21,21,adaptive_resonance,uniform,1,1024,360,0.3515625,0.0,0.3515625,6.4526299959996845,2,59648,59648,0,256,0,0.0,256,189,0.73828125,256,0,0.0,256,171,0.66796875
adaptive_resonance_i21,21,adaptive_resonance,uniform,2,1024,442,0.431640625,0.1484375,0.431640625,1.954300339518297,2,59648,59648,0,256,59,0.23046875,256,166,0.6484375,256,17,0.06640625,256,200,0.78125
adaptive_resonance_i21,21,adaptive_resonance,random,all,3072,781,0.2542317708333333,0.08268229166666667,0.2542317708333333,6.148179921441353,2,59648,59648,0,768,83,0.10807291666666667,768,294,0.3828125,768,44,0.057291666666666664,768,360,0.46875
adaptive_resonance_i21,21,adaptive_resonance,random,0,1024,298,0.291015625,0.154296875,0.291015625,5.3649070101020175,2,59648,59648,0,256,45,0.17578125,256,94,0.3671875,256,34,0.1328125,256,125,0.48828125
adaptive_resonance_i21,21,adaptive_resonance,random,1,1024,211,0.2060546875,0.0,0.2060546875,8.342118489920292,2,59648,59648,0,256,0,0.0,256,103,0.40234375,256,0,0.0,256,108,0.421875
adaptive_resonance_i21,21,adaptive_resonance,random,2,1024,272,0.265625,0.09375,0.265625,4.737514264301749,2,59648,59648,0,256,38,0.1484375,256,97,0.37890625,256,10,0.0390625,256,127,0.49609375
adaptive_resonance_i21,21,adaptive_resonance,scanner,all,3072,885,0.2880859375,0.14713541666666666,0.2880859375,4.192833781067684,2,59648,59648,0,768,140,0.18229166666666666,768,330,0.4296875,768,86,0.11197916666666667,768,329,0.4283854166666667
adaptive_resonance_i21,21,adaptive_resonance,scanner,0,1024,232,0.2265625,0.263671875,0.2265625,2.4840249626716844,2,59648,59648,0,256,76,0.296875,256,39,0.15234375,256,59,0.23046875,256,58,0.2265625
adaptive_resonance_i21,21,adaptive_resonance,scanner,1,1024,232,0.2265625,0.0,0.2265625,7.841474414283159,2,59648,59648,0,256,0,0.0,256,131,0.51171875,256,0,0.0,256,101,0.39453125
adaptive_resonance_i21,21,adaptive_resonance,scanner,2,1024,421,0.4111328125,0.177734375,0.4111328125,2.253001966248208,2,59648,59648,0,256,64,0.25,256,160,0.625,256,27,0.10546875,256,170,0.6640625
adaptive_resonance_i21,21,adaptive_resonance,learned,all,3072,1331,0.4332682291666667,0.158203125,0.43326822916666663,3.1966920085986694,2,59648,59648,80,768,153,0.19921875,768,525,0.68359375,768,90,0.1171875,768,563,0.7330729166666666
adaptive_resonance_i21,21,adaptive_resonance,learned,0,1024,490,0.478515625,0.27734375,0.478515625,1.5697591859578959,2,59648,59648,80,256,79,0.30859375,256,163,0.63671875,256,63,0.24609375,256,185,0.72265625
adaptive_resonance_i21,21,adaptive_resonance,learned,1,1024,364,0.35546875,0.0,0.35546875,6.3480361300505255,2,59648,59648,80,256,0,0.0,256,191,0.74609375,256,0,0.0,256,173,0.67578125
adaptive_resonance_i21,21,adaptive_resonance,learned,2,1024,477,0.4658203125,0.197265625,0.4658203125,1.6722807097875871,2,59648,59648,80,256,74,0.2890625,256,171,0.66796875,256,27,0.10546875,256,205,0.80078125
