evaluation_id,run_id,init_seed,panel,kind,tied,school_weight,reinject,training_steps,evaluation_steps,training_damage,evaluation_lesion,updates,parameters,accuracy,binding,cross_entropy,agente,accion,paciente,lugar,probe_binding_reported,optimization_budget_limited
factorial_tie0_school0p0_reinj0_T16_damage0_s0_i20_u1024__clean,factorial_tie0_school0p0_reinj0_T16_damage0_s0_i20_u1024,20,factorial,clean,False,0,False,16,16,False,False,1024,30384,0.21630859375,0.12646484375,2.7887412790303685,0.130859375,0.4384765625,0.1220703125,0.173828125,0.1171875,True
factorial_tie0_school0p0_reinj1_T16_damage0_s0_i20_u1024__clean,factorial_tie0_school0p0_reinj1_T16_damage0_s0_i20_u1024,20,factorial,clean,False,0,True,16,16,False,False,1024,30384,0.195068359375,0.1181640625,3.193354618448921,0.1005859375,0.3505859375,0.1357421875,0.193359375,0.15234375,True
factorial_tie0_school0p3_reinj0_T16_damage0_s0_i20_u1024__clean,factorial_tie0_school0p3_reinj0_T16_damage0_s0_i20_u1024,20,factorial,clean,False,0.3,False,16,16,False,False,1024,30384,0.221435546875,0.12451171875,2.3374719737179115,0.1259765625,0.2919921875,0.123046875,0.3447265625,0.1171875,True
factorial_tie0_school0p3_reinj1_T16_damage0_s0_i20_u1024__clean,factorial_tie0_school0p3_reinj1_T16_damage0_s0_i20_u1024,20,factorial,clean,False,0.3,True,16,16,False,False,1024,30384,0.199951171875,0.115234375,2.796278865989704,0.12109375,0.3017578125,0.109375,0.267578125,0.1171875,True
factorial_tie1_school0p0_reinj0_T16_damage0_s0_i20_u1024__clean,factorial_tie1_school0p0_reinj0_T16_damage0_s0_i20_u1024,20,factorial,clean,True,0,False,16,16,False,False,1024,29824,0.1552734375,0.1181640625,2.7803416751650616,0.130859375,0.2275390625,0.10546875,0.1572265625,0.09765625,True
factorial_tie1_school0p0_reinj1_T16_damage0_s0_i20_u1024__clean,factorial_tie1_school0p0_reinj1_T16_damage0_s0_i20_u1024,20,factorial,clean,True,0,True,16,16,False,False,1024,29824,0.163818359375,0.1318359375,2.5987312026365714,0.119140625,0.208984375,0.14453125,0.1826171875,0.15625,True
factorial_tie1_school0p0_reinj1_T16_damage0_s0_i20_u1024__deploy_T1,factorial_tie1_school0p0_reinj1_T16_damage0_s0_i20_u1024,20,factorial,deployment_truncation,True,0,True,16,1,False,False,1024,29824,0.1123046875,0.099609375,2.4130676971835783,0.099609375,0.125,0.099609375,0.125,0.15625,True
factorial_tie1_school0p0_reinj1_T16_damage0_s0_i20_u1024__deploy_T4,factorial_tie1_school0p0_reinj1_T16_damage0_s0_i20_u1024,20,factorial,deployment_truncation,True,0,True,16,4,False,False,1024,29824,0.13916015625,0.12255859375,2.341738183441066,0.115234375,0.173828125,0.1298828125,0.1376953125,0.15625,True
factorial_tie1_school0p0_reinj1_T16_damage0_s0_i20_u1024__lesion,factorial_tie1_school0p0_reinj1_T16_damage0_s0_i20_u1024,20,factorial,fixed_lesion,True,0,True,16,16,False,True,1024,29824,0.153564453125,0.12451171875,2.654898427116507,0.115234375,0.1904296875,0.1337890625,0.1748046875,0.15625,True
factorial_tie1_school0p3_reinj0_T16_damage0_s0_i20_u1024__clean,factorial_tie1_school0p3_reinj0_T16_damage0_s0_i20_u1024,20,factorial,clean,True,0.3,False,16,16,False,False,1024,29824,0.152587890625,0.11669921875,2.447541479659958,0.1376953125,0.208984375,0.095703125,0.16796875,0.12890625,True
factorial_tie1_school0p3_reinj1_T16_damage0_s0_i20_u1024__clean,factorial_tie1_school0p3_reinj1_T16_damage0_s0_i20_u1024,20,factorial,clean,True,0.3,True,16,16,False,False,1024,29824,0.195068359375,0.140625,4.940326853174712,0.169921875,0.1728515625,0.111328125,0.326171875,0.140625,True
factorial_tie0_school0p0_reinj0_T16_damage0_s0_i21_u1024__clean,factorial_tie0_school0p0_reinj0_T16_damage0_s0_i21_u1024,21,factorial,clean,False,0,False,16,16,False,False,1024,30384,0.30908203125,0.0810546875,2.0441908441416254,0.0908203125,0.2060546875,0.0712890625,0.8681640625,0.109375,True
factorial_tie0_school0p0_reinj1_T16_damage0_s0_i21_u1024__clean,factorial_tie0_school0p0_reinj1_T16_damage0_s0_i21_u1024,21,factorial,clean,False,0,True,16,16,False,False,1024,30384,0.2587890625,0.07568359375,2.7629547356547444,0.0810546875,0.1904296875,0.0703125,0.693359375,0.10546875,True
factorial_tie0_school0p3_reinj0_T16_damage0_s0_i21_u1024__clean,factorial_tie0_school0p3_reinj0_T16_damage0_s0_i21_u1024,21,factorial,clean,False,0.3,False,16,16,False,False,1024,30384,0.267333984375,0.10693359375,2.5118226191093527,0.09765625,0.3974609375,0.1162109375,0.4580078125,0.14453125,True
factorial_tie0_school0p3_reinj1_T16_damage0_s0_i21_u1024__clean,factorial_tie0_school0p3_reinj1_T16_damage0_s0_i21_u1024,21,factorial,clean,False,0.3,True,16,16,False,False,1024,30384,0.294677734375,0.1015625,2.9075377836855165,0.099609375,0.1953125,0.103515625,0.7802734375,0.08203125,True
factorial_tie1_school0p0_reinj0_T16_damage0_s0_i21_u1024__clean,factorial_tie1_school0p0_reinj0_T16_damage0_s0_i21_u1024,21,factorial,clean,True,0,False,16,16,False,False,1024,29824,0.2705078125,0.07763671875,2.1438152672825765,0.080078125,0.2275390625,0.0751953125,0.69921875,0.09765625,True
factorial_tie1_school0p0_reinj1_T16_damage0_s0_i21_u1024__clean,factorial_tie1_school0p0_reinj1_T16_damage0_s0_i21_u1024,21,factorial,clean,True,0,True,16,16,False,False,1024,29824,0.23681640625,0.07373046875,2.3110902957365878,0.0810546875,0.2919921875,0.06640625,0.5078125,0.09765625,True
factorial_tie1_school0p0_reinj1_T16_damage0_s0_i21_u1024__deploy_T1,factorial_tie1_school0p0_reinj1_T16_damage0_s0_i21_u1024,21,factorial,deployment_truncation,True,0,True,16,1,False,False,1024,29824,0.114990234375,0.0947265625,2.4544566096155904,0.109375,0.125,0.080078125,0.1455078125,0.09765625,True
factorial_tie1_school0p0_reinj1_T16_damage0_s0_i21_u1024__deploy_T4,factorial_tie1_school0p0_reinj1_T16_damage0_s0_i21_u1024,21,factorial,deployment_truncation,True,0,True,16,4,False,False,1024,29824,0.160400390625,0.072265625,2.3503691448843256,0.0859375,0.1796875,0.05859375,0.3173828125,0.09765625,True
factorial_tie1_school0p0_reinj1_T16_damage0_s0_i21_u1024__lesion,factorial_tie1_school0p0_reinj1_T16_damage0_s0_i21_u1024,21,factorial,fixed_lesion,True,0,True,16,16,False,True,1024,29824,0.2138671875,0.0771484375,2.3776893437380844,0.0888671875,0.2822265625,0.0654296875,0.4189453125,0.09765625,True
factorial_tie1_school0p3_reinj0_T16_damage0_s0_i21_u1024__clean,factorial_tie1_school0p3_reinj0_T16_damage0_s0_i21_u1024,21,factorial,clean,True,0.3,False,16,16,False,False,1024,29824,0.258544921875,0.09326171875,2.2971957921795276,0.09375,0.2373046875,0.0927734375,0.6103515625,0.0859375,True
factorial_tie1_school0p3_reinj1_T16_damage0_s0_i21_u1024__clean,factorial_tie1_school0p3_reinj1_T16_damage0_s0_i21_u1024,21,factorial,clean,True,0.3,True,16,16,False,False,1024,29824,0.28515625,0.078125,2.981357127756451,0.08203125,0.3291015625,0.07421875,0.6552734375,0.10546875,True
recurrence_tie1_school0p0_reinj1_T1_damage0_s0_i20_u1024__clean,recurrence_tie1_school0p0_reinj1_T1_damage0_s0_i20_u1024,20,recurrence,clean,True,0,True,1,1,False,False,1024,29824,0.11669921875,0.10498046875,2.3474168860338978,0.1298828125,0.115234375,0.080078125,0.1416015625,0.0859375,True
recurrence_tie1_school0p0_reinj1_T4_damage0_s0_i20_u1024__clean,recurrence_tie1_school0p0_reinj1_T4_damage0_s0_i20_u1024,20,recurrence,clean,True,0,True,4,4,False,False,1024,29824,0.142822265625,0.1171875,2.3719763515403542,0.1279296875,0.1708984375,0.1064453125,0.166015625,0.109375,True
recurrence_tie1_school0p0_reinj1_T1_damage0_s0_i21_u1024__clean,recurrence_tie1_school0p0_reinj1_T1_damage0_s0_i21_u1024,21,recurrence,clean,True,0,True,1,1,False,False,1024,29824,0.10791015625,0.07958984375,2.3390543507448456,0.0771484375,0.12890625,0.08203125,0.1435546875,0.10546875,True
recurrence_tie1_school0p0_reinj1_T4_damage0_s0_i21_u1024__clean,recurrence_tie1_school0p0_reinj1_T4_damage0_s0_i21_u1024,21,recurrence,clean,True,0,True,4,4,False,False,1024,29824,0.13818359375,0.0849609375,2.330442332398121,0.0947265625,0.1220703125,0.0751953125,0.2607421875,0.12109375,True
damage_tie1_school0p0_reinj1_T16_damage1_s0_i20_u1024__clean,damage_tie1_school0p0_reinj1_T16_damage1_s0_i20_u1024,20,damage,clean,True,0,True,16,16,True,False,1024,29824,0.152587890625,0.12841796875,2.446881624702172,0.1435546875,0.126953125,0.11328125,0.2265625,0.12109375,True
damage_tie1_school0p0_reinj1_T16_damage1_s0_i20_u1024__lesion,damage_tie1_school0p0_reinj1_T16_damage1_s0_i20_u1024,20,damage,fixed_lesion,True,0,True,16,16,True,True,1024,29824,0.154052734375,0.1337890625,2.387980487582041,0.1455078125,0.1240234375,0.1220703125,0.224609375,0.12109375,True
damage_tie1_school0p0_reinj1_T16_damage1_s0_i21_u1024__clean,damage_tie1_school0p0_reinj1_T16_damage1_s0_i21_u1024,21,damage,clean,True,0,True,16,16,True,False,1024,29824,0.23046875,0.0810546875,2.0821574738629023,0.09765625,0.3525390625,0.064453125,0.4072265625,0.109375,True
damage_tie1_school0p0_reinj1_T16_damage1_s0_i21_u1024__lesion,damage_tie1_school0p0_reinj1_T16_damage1_s0_i21_u1024,21,damage,fixed_lesion,True,0,True,16,16,True,True,1024,29824,0.2353515625,0.0888671875,2.089605238995572,0.1044921875,0.3515625,0.0732421875,0.412109375,0.109375,True
optimization_tie1_school0p0_reinj1_T16_damage0_s0_i20_u8192__clean,optimization_tie1_school0p0_reinj1_T16_damage0_s0_i20_u8192,20,optimization,clean,True,0,True,16,16,False,False,8192,29824,0.5322265625,0.28955078125,2.6879608439033853,0.275390625,0.875,0.3037109375,0.6748046875,0.30078125,True
optimization_tie1_school0p3_reinj1_T16_damage0_s0_i20_u8192__clean,optimization_tie1_school0p3_reinj1_T16_damage0_s0_i20_u8192,20,optimization,clean,True,0.3,True,16,16,False,False,8192,29824,0.57373046875,0.203125,1.7510134096303585,0.201171875,0.9423828125,0.205078125,0.9462890625,0.171875,True
optimization_tie1_school0p0_reinj1_T16_damage0_s0_i21_u8192__clean,optimization_tie1_school0p0_reinj1_T16_damage0_s0_i21_u8192,21,optimization,clean,True,0,True,16,16,False,False,8192,29824,0.507080078125,0.1396484375,1.8061914154313885,0.1376953125,0.89453125,0.1416015625,0.8544921875,0.15234375,True
optimization_tie1_school0p3_reinj1_T16_damage0_s0_i21_u8192__clean,optimization_tie1_school0p3_reinj1_T16_damage0_s0_i21_u8192,21,optimization,clean,True,0.3,True,16,16,False,False,8192,29824,0.541748046875,0.2265625,2.3985964968095903,0.208984375,0.8076171875,0.244140625,0.90625,0.2578125,True
