phase,run_id,family,case_id,condition,delay,stratum,n,correct,accuracy,cross_entropy,cross_entropy_n
pilot_development,pilot_neuropixel_lr0001_s69,neuropixel,normal_d2,normal,2,all,48,40,0.8333333333333334,322.46397908528644,48
pilot_development,pilot_neuropixel_lr0001_s69,neuropixel,normal_d2,normal,2,per_target:2,8,4,0.5,1473.0230102539062,8
pilot_development,pilot_neuropixel_lr0001_s69,neuropixel,normal_d2,normal,2,per_target:3,8,8,1.0,0.0,8
pilot_development,pilot_neuropixel_lr0001_s69,neuropixel,normal_d2,normal,2,per_target:4,8,8,1.0,0.0,8
pilot_development,pilot_neuropixel_lr0001_s69,neuropixel,normal_d2,normal,2,per_target:5,8,4,0.5,461.7608642578125,8
pilot_development,pilot_neuropixel_lr0001_s69,neuropixel,normal_d2,normal,2,per_target:6,8,8,1.0,0.0,8
pilot_development,pilot_neuropixel_lr0001_s69,neuropixel,normal_d2,normal,2,per_target:7,8,8,1.0,0.0,8
pilot_development,pilot_neuropixel_lr0001_s69,neuropixel,normal_d2,normal,2,per_position:0,6,5,0.8333333333333334,1117.0738932291667,6
pilot_development,pilot_neuropixel_lr0001_s69,neuropixel,normal_d2,normal,2,per_position:1,6,5,0.8333333333333334,354.38427734375,6
pilot_development,pilot_neuropixel_lr0001_s69,neuropixel,normal_d2,normal,2,per_position:2,6,6,1.0,0.0,6
pilot_development,pilot_neuropixel_lr0001_s69,neuropixel,normal_d2,normal,2,per_position:3,6,5,0.8333333333333334,479.6658528645833,6
pilot_development,pilot_neuropixel_lr0001_s69,neuropixel,normal_d2,normal,2,per_position:4,6,5,0.8333333333333334,124.69108072916667,6
pilot_development,pilot_neuropixel_lr0001_s69,neuropixel,normal_d2,normal,2,per_position:5,6,5,0.8333333333333334,184.41097005208334,6
pilot_development,pilot_neuropixel_lr0001_s69,neuropixel,normal_d2,normal,2,per_position:6,6,4,0.6666666666666666,123.807373046875,6
pilot_development,pilot_neuropixel_lr0001_s69,neuropixel,normal_d2,normal,2,per_position:7,6,5,0.8333333333333334,195.67838541666666,6
pilot_development,pilot_neuropixel_lr0001_s69,neuropixel,normal_d3,normal,3,all,48,36,0.75,1911.6683959960938,48
pilot_development,pilot_neuropixel_lr0001_s69,neuropixel,normal_d3,normal,3,per_target:2,8,2,0.25,7708.6712646484375,8
pilot_development,pilot_neuropixel_lr0001_s69,neuropixel,normal_d3,normal,3,per_target:3,8,7,0.875,18.7711181640625,8
pilot_development,pilot_neuropixel_lr0001_s69,neuropixel,normal_d3,normal,3,per_target:4,8,8,1.0,0.0,8
pilot_development,pilot_neuropixel_lr0001_s69,neuropixel,normal_d3,normal,3,per_target:5,8,3,0.375,3742.5679931640625,8
pilot_development,pilot_neuropixel_lr0001_s69,neuropixel,normal_d3,normal,3,per_target:6,8,8,1.0,0.0,8
pilot_development,pilot_neuropixel_lr0001_s69,neuropixel,normal_d3,normal,3,per_target:7,8,8,1.0,0.0,8
pilot_development,pilot_neuropixel_lr0001_s69,neuropixel,normal_d3,normal,3,per_position:0,6,4,0.6666666666666666,4920.943522135417,6
pilot_development,pilot_neuropixel_lr0001_s69,neuropixel,normal_d3,normal,3,per_position:1,6,5,0.8333333333333334,2190.0162760416665,6
pilot_development,pilot_neuropixel_lr0001_s69,neuropixel,normal_d3,normal,3,per_position:2,6,5,0.8333333333333334,373.8050130208333,6
pilot_development,pilot_neuropixel_lr0001_s69,neuropixel,normal_d3,normal,3,per_position:3,6,4,0.6666666666666666,3186.583984375,6
pilot_development,pilot_neuropixel_lr0001_s69,neuropixel,normal_d3,normal,3,per_position:4,6,4,0.6666666666666666,1624.4000651041667,6
pilot_development,pilot_neuropixel_lr0001_s69,neuropixel,normal_d3,normal,3,per_position:5,6,5,0.8333333333333334,806.78369140625,6
pilot_development,pilot_neuropixel_lr0001_s69,neuropixel,normal_d3,normal,3,per_position:6,6,4,0.6666666666666666,1362.3624674479167,6
pilot_development,pilot_neuropixel_lr0001_s69,neuropixel,normal_d3,normal,3,per_position:7,6,5,0.8333333333333334,828.4521484375,6
pilot_development,pilot_neuropixel_lr0001_s69,neuropixel,normal_d4,normal,4,all,48,31,0.6458333333333334,9100.97682733957,48
pilot_development,pilot_neuropixel_lr0001_s69,neuropixel,normal_d4,normal,4,per_target:2,8,1,0.125,30811.038208139078,8
pilot_development,pilot_neuropixel_lr0001_s69,neuropixel,normal_d4,normal,4,per_target:3,8,7,0.875,252.998779296875,8
pilot_development,pilot_neuropixel_lr0001_s69,neuropixel,normal_d4,normal,4,per_target:4,8,8,1.0,0.0,8
pilot_development,pilot_neuropixel_lr0001_s69,neuropixel,normal_d4,normal,4,per_target:5,8,0,0.0,23524.6845703125,8
pilot_development,pilot_neuropixel_lr0001_s69,neuropixel,normal_d4,normal,4,per_target:6,8,8,1.0,0.0,8
pilot_development,pilot_neuropixel_lr0001_s69,neuropixel,normal_d4,normal,4,per_target:7,8,7,0.875,17.13940628896853,8
pilot_development,pilot_neuropixel_lr0001_s69,neuropixel,normal_d4,normal,4,per_position:0,6,3,0.5,21684.0244140625,6
pilot_development,pilot_neuropixel_lr0001_s69,neuropixel,normal_d4,normal,4,per_position:1,6,4,0.6666666666666666,10617.104166666666,6
pilot_development,pilot_neuropixel_lr0001_s69,neuropixel,normal_d4,normal,4,per_position:2,6,4,0.6666666666666666,3199.91796875,6
pilot_development,pilot_neuropixel_lr0001_s69,neuropixel,normal_d4,normal,4,per_position:3,6,4,0.6666666666666666,16375.817708333334,6
pilot_development,pilot_neuropixel_lr0001_s69,neuropixel,normal_d4,normal,4,per_position:4,6,4,0.6666666666666666,8659.012369791666,6
pilot_development,pilot_neuropixel_lr0001_s69,neuropixel,normal_d4,normal,4,per_position:5,6,4,0.6666666666666666,2861.4480822582286,6
pilot_development,pilot_neuropixel_lr0001_s69,neuropixel,normal_d4,normal,4,per_position:6,6,4,0.6666666666666666,6490.123046875,6
pilot_development,pilot_neuropixel_lr0001_s69,neuropixel,normal_d4,normal,4,per_position:7,6,4,0.6666666666666666,2920.3668619791665,6
pilot_development,pilot_neuropixel_lr0003_s69,neuropixel,normal_d2,normal,2,all,48,38,0.7916666666666666,1793.748441079755,48
pilot_development,pilot_neuropixel_lr0003_s69,neuropixel,normal_d2,normal,2,per_target:2,8,8,1.0,0.0,8
pilot_development,pilot_neuropixel_lr0003_s69,neuropixel,normal_d2,normal,2,per_target:3,8,8,1.0,0.0,8
pilot_development,pilot_neuropixel_lr0003_s69,neuropixel,normal_d2,normal,2,per_target:4,8,6,0.75,0.35346358874694506,8
pilot_development,pilot_neuropixel_lr0003_s69,neuropixel,normal_d2,normal,2,per_target:5,8,8,1.0,0.00031007179749664715,8
pilot_development,pilot_neuropixel_lr0003_s69,neuropixel,normal_d2,normal,2,per_target:6,8,8,1.0,1.4800945153936595e-06,8
pilot_development,pilot_neuropixel_lr0003_s69,neuropixel,normal_d2,normal,2,per_target:7,8,0,0.0,10762.13687133789,8
pilot_development,pilot_neuropixel_lr0003_s69,neuropixel,normal_d2,normal,2,per_position:0,6,4,0.6666666666666666,2020.329362168959,6
pilot_development,pilot_neuropixel_lr0003_s69,neuropixel,normal_d2,normal,2,per_position:1,6,5,0.8333333333333334,1961.6293209836185,6
pilot_development,pilot_neuropixel_lr0003_s69,neuropixel,normal_d2,normal,2,per_position:2,6,5,0.8333333333333334,1555.6099491600626,6
pilot_development,pilot_neuropixel_lr0003_s69,neuropixel,normal_d2,normal,2,per_position:3,6,4,0.6666666666666666,1349.1626799934388,6
pilot_development,pilot_neuropixel_lr0003_s69,neuropixel,normal_d2,normal,2,per_position:4,6,5,0.8333333333333334,1549.4103912648452,6
pilot_development,pilot_neuropixel_lr0003_s69,neuropixel,normal_d2,normal,2,per_position:5,6,5,0.8333333333333334,2940.4556287685286,6
pilot_development,pilot_neuropixel_lr0003_s69,neuropixel,normal_d2,normal,2,per_position:6,6,5,0.8333333333333334,1622.2643560765762,6
pilot_development,pilot_neuropixel_lr0003_s69,neuropixel,normal_d2,normal,2,per_position:7,6,5,0.8333333333333334,1351.1258402220105,6
pilot_development,pilot_neuropixel_lr0003_s69,neuropixel,normal_d3,normal,3,all,48,36,0.75,11152.399279876292,48
pilot_development,pilot_neuropixel_lr0003_s69,neuropixel,normal_d3,normal,3,per_target:2,8,8,1.0,0.0,8
pilot_development,pilot_neuropixel_lr0003_s69,neuropixel,normal_d3,normal,3,per_target:3,8,6,0.75,477.8699722290039,8
pilot_development,pilot_neuropixel_lr0003_s69,neuropixel,normal_d3,normal,3,per_target:4,8,6,0.75,1.0313508023979816,8
pilot_development,pilot_neuropixel_lr0003_s69,neuropixel,normal_d3,normal,3,per_target:5,8,8,1.0,0.04122665009925086,8
pilot_development,pilot_neuropixel_lr0003_s69,neuropixel,normal_d3,normal,3,per_target:6,8,8,1.0,4.576257048860555e-06,8
pilot_development,pilot_neuropixel_lr0003_s69,neuropixel,normal_d3,normal,3,per_target:7,8,0,0.0,66435.453125,8
pilot_development,pilot_neuropixel_lr0003_s69,neuropixel,normal_d3,normal,3,per_position:0,6,4,0.6666666666666666,12024.236991384043,6
pilot_development,pilot_neuropixel_lr0003_s69,neuropixel,normal_d3,normal,3,per_position:1,6,5,0.8333333333333334,11703.960856365624,6
pilot_development,pilot_neuropixel_lr0003_s69,neuropixel,normal_d3,normal,3,per_position:2,6,5,0.8333333333333334,9292.773249496691,6
pilot_development,pilot_neuropixel_lr0003_s69,neuropixel,normal_d3,normal,3,per_position:3,6,4,0.6666666666666666,8668.818995407595,6
pilot_development,pilot_neuropixel_lr0003_s69,neuropixel,normal_d3,normal,3,per_position:4,6,5,0.8333333333333334,10400.31906621317,6
pilot_development,pilot_neuropixel_lr0003_s69,neuropixel,normal_d3,normal,3,per_position:5,6,4,0.6666666666666666,17584.08884038644,6
pilot_development,pilot_neuropixel_lr0003_s69,neuropixel,normal_d3,normal,3,per_position:6,6,5,0.8333333333333334,10143.870529141917,6
pilot_development,pilot_neuropixel_lr0003_s69,neuropixel,normal_d3,normal,3,per_position:7,6,4,0.6666666666666666,9401.125710614862,6
pilot_development,pilot_neuropixel_lr0003_s69,neuropixel,normal_d4,normal,4,all,48,33,0.6875,65938.79563909463,48
pilot_development,pilot_neuropixel_lr0003_s69,neuropixel,normal_d4,normal,4,per_target:2,8,8,1.0,0.0,8
pilot_development,pilot_neuropixel_lr0003_s69,neuropixel,normal_d4,normal,4,per_target:3,8,6,0.75,9535.840576171875,8
pilot_development,pilot_neuropixel_lr0003_s69,neuropixel,normal_d4,normal,4,per_target:4,8,4,0.5,1.6533311852655048,8
pilot_development,pilot_neuropixel_lr0003_s69,neuropixel,normal_d4,normal,4,per_target:5,8,7,0.875,0.5787233120360424,8
pilot_development,pilot_neuropixel_lr0003_s69,neuropixel,normal_d4,normal,4,per_target:6,8,8,1.0,3.202365484700209e-05,8
pilot_development,pilot_neuropixel_lr0003_s69,neuropixel,normal_d4,normal,4,per_target:7,8,0,0.0,386094.701171875,8
pilot_development,pilot_neuropixel_lr0003_s69,neuropixel,normal_d4,normal,4,per_position:0,6,3,0.5,69599.1888954468,6
pilot_development,pilot_neuropixel_lr0003_s69,neuropixel,normal_d4,normal,4,per_position:1,6,4,0.6666666666666666,66988.50186249647,6
pilot_development,pilot_neuropixel_lr0003_s69,neuropixel,normal_d4,normal,4,per_position:2,6,5,0.8333333333333334,53926.98078115905,6
pilot_development,pilot_neuropixel_lr0003_s69,neuropixel,normal_d4,normal,4,per_position:3,6,4,0.6666666666666666,50410.86179563052,6
pilot_development,pilot_neuropixel_lr0003_s69,neuropixel,normal_d4,normal,4,per_position:4,6,5,0.8333333333333334,61174.907404408434,6
pilot_development,pilot_neuropixel_lr0003_s69,neuropixel,normal_d4,normal,4,per_position:5,6,4,0.6666666666666666,106233.37569688876,6
pilot_development,pilot_neuropixel_lr0003_s69,neuropixel,normal_d4,normal,4,per_position:6,6,4,0.6666666666666666,59689.03889024854,6
pilot_development,pilot_neuropixel_lr0003_s69,neuropixel,normal_d4,normal,4,per_position:7,6,4,0.6666666666666666,59487.509786478535,6
pilot_development,pilot_gru_lr0001_s69,gru,normal_d2,normal,2,all,48,48,1.0,0.0011122604112104122,48
pilot_development,pilot_gru_lr0001_s69,gru,normal_d2,normal,2,per_target:2,8,8,1.0,0.0009703552986399799,8
pilot_development,pilot_gru_lr0001_s69,gru,normal_d2,normal,2,per_target:3,8,8,1.0,0.0011631458920144944,8
pilot_development,pilot_gru_lr0001_s69,gru,normal_d2,normal,2,per_target:4,8,8,1.0,0.0011567800357363822,8
pilot_development,pilot_gru_lr0001_s69,gru,normal_d2,normal,2,per_target:5,8,8,1.0,0.001134201074193042,8
pilot_development,pilot_gru_lr0001_s69,gru,normal_d2,normal,2,per_target:6,8,8,1.0,0.0013186645652463191,8
pilot_development,pilot_gru_lr0001_s69,gru,normal_d2,normal,2,per_target:7,8,8,1.0,0.0009304156014322551,8
pilot_development,pilot_gru_lr0001_s69,gru,normal_d2,normal,2,per_position:0,6,6,1.0,0.0011473605457637721,6
pilot_development,pilot_gru_lr0001_s69,gru,normal_d2,normal,2,per_position:1,6,6,1.0,0.0010934074471927364,6
pilot_development,pilot_gru_lr0001_s69,gru,normal_d2,normal,2,per_position:2,6,6,1.0,0.0011192498240826982,6
pilot_development,pilot_gru_lr0001_s69,gru,normal_d2,normal,2,per_position:3,6,6,1.0,0.0011091424154724787,6
pilot_development,pilot_gru_lr0001_s69,gru,normal_d2,normal,2,per_position:4,6,6,1.0,0.0011102302754464333,6
pilot_development,pilot_gru_lr0001_s69,gru,normal_d2,normal,2,per_position:5,6,6,1.0,0.0011000375790158519,6
pilot_development,pilot_gru_lr0001_s69,gru,normal_d2,normal,2,per_position:6,6,6,1.0,0.0010965784592554446,6
pilot_development,pilot_gru_lr0001_s69,gru,normal_d2,normal,2,per_position:7,6,6,1.0,0.0011220767434538814,6
pilot_development,pilot_gru_lr0001_s69,gru,normal_d3,normal,3,all,48,48,1.0,0.0011638468793292815,48
pilot_development,pilot_gru_lr0001_s69,gru,normal_d3,normal,3,per_target:2,8,8,1.0,0.0009997088066528992,8
pilot_development,pilot_gru_lr0001_s69,gru,normal_d3,normal,3,per_target:3,8,8,1.0,0.001178165379406959,8
pilot_development,pilot_gru_lr0001_s69,gru,normal_d3,normal,3,per_target:4,8,8,1.0,0.0011793577124448174,8
pilot_development,pilot_gru_lr0001_s69,gru,normal_d3,normal,3,per_target:5,8,8,1.0,0.0013588321278572568,8
pilot_development,pilot_gru_lr0001_s69,gru,normal_d3,normal,3,per_target:6,8,8,1.0,0.0013184303480526793,8
pilot_development,pilot_gru_lr0001_s69,gru,normal_d3,normal,3,per_target:7,8,8,1.0,0.0009485869015610771,8
pilot_development,pilot_gru_lr0001_s69,gru,normal_d3,normal,3,per_position:0,6,6,1.0,0.0011962521239879582,6
pilot_development,pilot_gru_lr0001_s69,gru,normal_d3,normal,3,per_position:1,6,6,1.0,0.0011478481559388243,6
pilot_development,pilot_gru_lr0001_s69,gru,normal_d3,normal,3,per_position:2,6,6,1.0,0.0011684321945658975,6
pilot_development,pilot_gru_lr0001_s69,gru,normal_d3,normal,3,per_position:3,6,6,1.0,0.0011612425467794434,6
pilot_development,pilot_gru_lr0001_s69,gru,normal_d3,normal,3,per_position:4,6,6,1.0,0.0011637075884669557,6
pilot_development,pilot_gru_lr0001_s69,gru,normal_d3,normal,3,per_position:5,6,6,1.0,0.0011513463638674892,6
pilot_development,pilot_gru_lr0001_s69,gru,normal_d3,normal,3,per_position:6,6,6,1.0,0.0011539142867231789,6
pilot_development,pilot_gru_lr0001_s69,gru,normal_d3,normal,3,per_position:7,6,6,1.0,0.0011680317743045048,6
pilot_development,pilot_gru_lr0001_s69,gru,normal_d4,normal,4,all,48,48,1.0,0.0012273740820908374,48
pilot_development,pilot_gru_lr0001_s69,gru,normal_d4,normal,4,per_target:2,8,8,1.0,0.0010480194283291056,8
pilot_development,pilot_gru_lr0001_s69,gru,normal_d4,normal,4,per_target:3,8,8,1.0,0.0011914541669808543,8
pilot_development,pilot_gru_lr0001_s69,gru,normal_d4,normal,4,per_target:4,8,8,1.0,0.001193538682527695,8
pilot_development,pilot_gru_lr0001_s69,gru,normal_d4,normal,4,per_target:5,8,8,1.0,0.001623606956669299,8
pilot_development,pilot_gru_lr0001_s69,gru,normal_d4,normal,4,per_target:6,8,8,1.0,0.0013231736811687433,8
pilot_development,pilot_gru_lr0001_s69,gru,normal_d4,normal,4,per_target:7,8,8,1.0,0.0009844515768693274,8
pilot_development,pilot_gru_lr0001_s69,gru,normal_d4,normal,4,per_position:0,6,6,1.0,0.0012567570148084666,6
pilot_development,pilot_gru_lr0001_s69,gru,normal_d4,normal,4,per_position:1,6,6,1.0,0.0012132401624992777,6
pilot_development,pilot_gru_lr0001_s69,gru,normal_d4,normal,4,per_position:2,6,6,1.0,0.0012352619038568473,6
pilot_development,pilot_gru_lr0001_s69,gru,normal_d4,normal,4,per_position:3,6,6,1.0,0.0012257568477475427,6
pilot_development,pilot_gru_lr0001_s69,gru,normal_d4,normal,4,per_position:4,6,6,1.0,0.0012278220582618478,6
pilot_development,pilot_gru_lr0001_s69,gru,normal_d4,normal,4,per_position:5,6,6,1.0,0.0012148070998604747,6
pilot_development,pilot_gru_lr0001_s69,gru,normal_d4,normal,4,per_position:6,6,6,1.0,0.0012192097778829236,6
pilot_development,pilot_gru_lr0001_s69,gru,normal_d4,normal,4,per_position:7,6,6,1.0,0.0012261377918093193,6
pilot_development,pilot_gru_lr0003_s69,gru,normal_d2,normal,2,all,48,48,1.0,0.00028641486802312893,48
pilot_development,pilot_gru_lr0003_s69,gru,normal_d2,normal,2,per_target:2,8,8,1.0,0.0003047380901659569,8
pilot_development,pilot_gru_lr0003_s69,gru,normal_d2,normal,2,per_target:3,8,8,1.0,0.0002688756510482726,8
pilot_development,pilot_gru_lr0003_s69,gru,normal_d2,normal,2,per_target:4,8,8,1.0,0.00036309388486821526,8
pilot_development,pilot_gru_lr0003_s69,gru,normal_d2,normal,2,per_target:5,8,8,1.0,0.00028260427065318616,8
pilot_development,pilot_gru_lr0003_s69,gru,normal_d2,normal,2,per_target:6,8,8,1.0,0.00019186650915670178,8
pilot_development,pilot_gru_lr0003_s69,gru,normal_d2,normal,2,per_target:7,8,8,1.0,0.00030731080224644103,8
pilot_development,pilot_gru_lr0003_s69,gru,normal_d2,normal,2,per_position:0,6,6,1.0,0.00029107779602159195,6
pilot_development,pilot_gru_lr0003_s69,gru,normal_d2,normal,2,per_position:1,6,6,1.0,0.0002822685298650522,6
pilot_development,pilot_gru_lr0003_s69,gru,normal_d2,normal,2,per_position:2,6,6,1.0,0.0002903192190490955,6
pilot_development,pilot_gru_lr0003_s69,gru,normal_d2,normal,2,per_position:3,6,6,1.0,0.00029079481722179185,6
pilot_development,pilot_gru_lr0003_s69,gru,normal_d2,normal,2,per_position:4,6,6,1.0,0.00028027993531853923,6
pilot_development,pilot_gru_lr0003_s69,gru,normal_d2,normal,2,per_position:5,6,6,1.0,0.0002837279666287884,6
pilot_development,pilot_gru_lr0003_s69,gru,normal_d2,normal,2,per_position:6,6,6,1.0,0.00028543416656893567,6
pilot_development,pilot_gru_lr0003_s69,gru,normal_d2,normal,2,per_position:7,6,6,1.0,0.0002874165135112368,6
pilot_development,pilot_gru_lr0003_s69,gru,normal_d3,normal,3,all,48,48,1.0,0.00028585667136963683,48
pilot_development,pilot_gru_lr0003_s69,gru,normal_d3,normal,3,per_target:2,8,8,1.0,0.0003007217813864038,8
pilot_development,pilot_gru_lr0003_s69,gru,normal_d3,normal,3,per_target:3,8,8,1.0,0.00026836500327620527,8
pilot_development,pilot_gru_lr0003_s69,gru,normal_d3,normal,3,per_target:4,8,8,1.0,0.00036440869443699064,8
pilot_development,pilot_gru_lr0003_s69,gru,normal_d3,normal,3,per_target:5,8,8,1.0,0.00028225021893302227,8
pilot_development,pilot_gru_lr0003_s69,gru,normal_d3,normal,3,per_target:6,8,8,1.0,0.00019154468869420072,8
pilot_development,pilot_gru_lr0003_s69,gru,normal_d3,normal,3,per_target:7,8,8,1.0,0.00030784964149099814,8
pilot_development,pilot_gru_lr0003_s69,gru,normal_d3,normal,3,per_position:0,6,6,1.0,0.0002905044564339339,6
pilot_development,pilot_gru_lr0003_s69,gru,normal_d3,normal,3,per_position:1,6,6,1.0,0.0002821641776487027,6
pilot_development,pilot_gru_lr0003_s69,gru,normal_d3,normal,3,per_position:2,6,6,1.0,0.0002893995433807343,6
pilot_development,pilot_gru_lr0003_s69,gru,normal_d3,normal,3,per_position:3,6,6,1.0,0.0002901133712323774,6
pilot_development,pilot_gru_lr0003_s69,gru,normal_d3,normal,3,per_position:4,6,6,1.0,0.0002797415155324501,6
pilot_development,pilot_gru_lr0003_s69,gru,normal_d3,normal,3,per_position:5,6,6,1.0,0.00028343545051020175,6
pilot_development,pilot_gru_lr0003_s69,gru,normal_d3,normal,3,per_position:6,6,6,1.0,0.0002852611807856083,6
pilot_development,pilot_gru_lr0003_s69,gru,normal_d3,normal,3,per_position:7,6,6,1.0,0.0002862336754330859,6
pilot_development,pilot_gru_lr0003_s69,gru,normal_d4,normal,4,all,48,48,1.0,0.00028637286273828594,48
pilot_development,pilot_gru_lr0003_s69,gru,normal_d4,normal,4,per_target:2,8,8,1.0,0.0002991714264493073,8
pilot_development,pilot_gru_lr0003_s69,gru,normal_d4,normal,4,per_target:3,8,8,1.0,0.0002684609561152129,8
pilot_development,pilot_gru_lr0003_s69,gru,normal_d4,normal,4,per_target:4,8,8,1.0,0.00036589014093757477,8
pilot_development,pilot_gru_lr0003_s69,gru,normal_d4,normal,4,per_target:5,8,8,1.0,0.00028349197234289747,8
pilot_development,pilot_gru_lr0003_s69,gru,normal_d4,normal,4,per_target:6,8,8,1.0,0.00019151635058656247,8
pilot_development,pilot_gru_lr0003_s69,gru,normal_d4,normal,4,per_target:7,8,8,1.0,0.0003097063299981606,8
pilot_development,pilot_gru_lr0003_s69,gru,normal_d4,normal,4,per_position:0,6,6,1.0,0.00029099255968478843,6
pilot_development,pilot_gru_lr0003_s69,gru,normal_d4,normal,4,per_position:1,6,6,1.0,0.0002828863673212112,6
pilot_development,pilot_gru_lr0003_s69,gru,normal_d4,normal,4,per_position:2,6,6,1.0,0.0002897706474647895,6
pilot_development,pilot_gru_lr0003_s69,gru,normal_d4,normal,4,per_position:3,6,6,1.0,0.00029062656079640686,6
pilot_development,pilot_gru_lr0003_s69,gru,normal_d4,normal,4,per_position:4,6,6,1.0,0.0002802618682865206,6
pilot_development,pilot_gru_lr0003_s69,gru,normal_d4,normal,4,per_position:5,6,6,1.0,0.0002840679799405166,6
pilot_development,pilot_gru_lr0003_s69,gru,normal_d4,normal,4,per_position:6,6,6,1.0,0.00028600762501647853,6
pilot_development,pilot_gru_lr0003_s69,gru,normal_d4,normal,4,per_position:7,6,6,1.0,0.00028636929339557565,6
