run_id,family,seed,subset,n,base_correct,transformed_correct,CC,CW,WC,WW,prediction_equal,equal_wrong,base_accuracy,transformed_accuracy,joint_accuracy,agreement_rate,equal_wrong_rate,retained_given_base_correct,corrupted_given_base_correct,repaired_given_base_wrong,stable_wrong_given_base_wrong
neuropixel_seed40,neuropixel,40,all,2048,215,216,211,4,5,1828,1985,1774,0.10498046875,0.10546875,0.10302734375,0.96923828125,0.8662109375,0.9813953488372092,0.018604651162790697,0.002727768685215494,0.9678123295144572
neuropixel_seed40,neuropixel,40,binding,1024,100,100,97,3,3,921,984,887,0.09765625,0.09765625,0.0947265625,0.9609375,0.8662109375,0.97,0.03,0.003246753246753247,0.95995670995671
neuropixel_seed40,neuropixel,40,agent,512,51,51,49,2,2,459,491,442,0.099609375,0.099609375,0.095703125,0.958984375,0.86328125,0.9607843137254902,0.0392156862745098,0.004338394793926247,0.9587852494577006
neuropixel_seed40,neuropixel,40,action,512,57,57,56,1,1,454,503,447,0.111328125,0.111328125,0.109375,0.982421875,0.873046875,0.9824561403508771,0.017543859649122806,0.002197802197802198,0.9824175824175824
neuropixel_seed40,neuropixel,40,patient,512,49,49,48,1,1,462,493,445,0.095703125,0.095703125,0.09375,0.962890625,0.869140625,0.9795918367346939,0.02040816326530612,0.0021598272138228943,0.9611231101511879
neuropixel_seed40,neuropixel,40,place,512,58,59,58,0,1,453,498,440,0.11328125,0.115234375,0.11328125,0.97265625,0.859375,1.0,0.0,0.0022026431718061676,0.9691629955947136
neuropixel_seed41,neuropixel,41,all,2048,240,241,231,9,10,1798,1929,1698,0.1171875,0.11767578125,0.11279296875,0.94189453125,0.8291015625,0.9625,0.0375,0.0055309734513274336,0.9391592920353983
neuropixel_seed41,neuropixel,41,binding,1024,103,101,98,5,3,918,952,854,0.1005859375,0.0986328125,0.095703125,0.9296875,0.833984375,0.9514563106796117,0.04854368932038835,0.003257328990228013,0.9272529858849077
neuropixel_seed41,neuropixel,41,agent,512,51,49,48,3,1,460,476,428,0.099609375,0.095703125,0.09375,0.9296875,0.8359375,0.9411764705882353,0.058823529411764705,0.0021691973969631237,0.928416485900217
neuropixel_seed41,neuropixel,41,action,512,58,60,56,2,4,450,483,427,0.11328125,0.1171875,0.109375,0.943359375,0.833984375,0.9655172413793104,0.034482758620689655,0.00881057268722467,0.9405286343612335
neuropixel_seed41,neuropixel,41,patient,512,52,52,50,2,2,458,476,426,0.1015625,0.1015625,0.09765625,0.9296875,0.83203125,0.9615384615384616,0.038461538461538464,0.004347826086956522,0.9260869565217391
neuropixel_seed41,neuropixel,41,place,512,79,80,77,2,3,430,494,417,0.154296875,0.15625,0.150390625,0.96484375,0.814453125,0.9746835443037974,0.02531645569620253,0.006928406466512702,0.9630484988452656
neuropixel_seed42,neuropixel,42,all,2048,212,212,205,7,7,1829,1939,1734,0.103515625,0.103515625,0.10009765625,0.94677734375,0.8466796875,0.9669811320754716,0.0330188679245283,0.003812636165577342,0.9444444444444444
neuropixel_seed42,neuropixel,42,binding,1024,94,94,91,3,3,927,962,871,0.091796875,0.091796875,0.0888671875,0.939453125,0.8505859375,0.9680851063829787,0.031914893617021274,0.0032258064516129032,0.9365591397849462
neuropixel_seed42,neuropixel,42,agent,512,48,49,47,1,2,462,487,440,0.09375,0.095703125,0.091796875,0.951171875,0.859375,0.9791666666666666,0.020833333333333332,0.004310344827586207,0.9482758620689655
neuropixel_seed42,neuropixel,42,action,512,54,54,52,2,2,456,491,439,0.10546875,0.10546875,0.1015625,0.958984375,0.857421875,0.9629629629629629,0.037037037037037035,0.004366812227074236,0.9585152838427947
neuropixel_seed42,neuropixel,42,patient,512,46,45,44,2,1,465,475,431,0.08984375,0.087890625,0.0859375,0.927734375,0.841796875,0.9565217391304348,0.043478260869565216,0.002145922746781116,0.924892703862661
neuropixel_seed42,neuropixel,42,place,512,64,64,62,2,2,446,486,424,0.125,0.125,0.12109375,0.94921875,0.828125,0.96875,0.03125,0.004464285714285714,0.9464285714285714
neuropixel_seed43,neuropixel,43,all,2048,240,233,215,25,18,1790,1748,1533,0.1171875,0.11376953125,0.10498046875,0.853515625,0.74853515625,0.8958333333333334,0.10416666666666667,0.00995575221238938,0.8478982300884956
neuropixel_seed43,neuropixel,43,binding,1024,105,104,93,12,11,908,798,705,0.1025390625,0.1015625,0.0908203125,0.779296875,0.6884765625,0.8857142857142857,0.11428571428571428,0.011969532100108813,0.7671381936887922
neuropixel_seed43,neuropixel,43,agent,512,49,48,42,7,6,457,410,368,0.095703125,0.09375,0.08203125,0.80078125,0.71875,0.8571428571428571,0.14285714285714285,0.012958963282937365,0.7948164146868251
neuropixel_seed43,neuropixel,43,action,512,55,54,52,3,2,455,486,434,0.107421875,0.10546875,0.1015625,0.94921875,0.84765625,0.9454545454545454,0.05454545454545454,0.00437636761487965,0.949671772428884
neuropixel_seed43,neuropixel,43,patient,512,56,56,51,5,5,451,388,337,0.109375,0.109375,0.099609375,0.7578125,0.658203125,0.9107142857142857,0.08928571428571429,0.010964912280701754,0.7390350877192983
neuropixel_seed43,neuropixel,43,place,512,80,75,70,10,5,427,464,394,0.15625,0.146484375,0.13671875,0.90625,0.76953125,0.875,0.125,0.011574074074074073,0.9120370370370371
neuropixel_seed44,neuropixel,44,all,2048,218,216,210,8,6,1824,1949,1739,0.1064453125,0.10546875,0.1025390625,0.95166015625,0.84912109375,0.963302752293578,0.03669724770642202,0.003278688524590164,0.9502732240437158
neuropixel_seed44,neuropixel,44,binding,1024,91,90,86,5,4,929,954,868,0.0888671875,0.087890625,0.083984375,0.931640625,0.84765625,0.945054945054945,0.054945054945054944,0.004287245444801715,0.9303322615219721
neuropixel_seed44,neuropixel,44,agent,512,48,47,45,3,2,462,478,433,0.09375,0.091796875,0.087890625,0.93359375,0.845703125,0.9375,0.0625,0.004310344827586207,0.9331896551724138
neuropixel_seed44,neuropixel,44,action,512,59,60,59,0,1,452,509,450,0.115234375,0.1171875,0.115234375,0.994140625,0.87890625,1.0,0.0,0.002207505518763797,0.9933774834437086
neuropixel_seed44,neuropixel,44,patient,512,43,43,41,2,2,467,476,435,0.083984375,0.083984375,0.080078125,0.9296875,0.849609375,0.9534883720930233,0.046511627906976744,0.0042643923240938165,0.9275053304904051
neuropixel_seed44,neuropixel,44,place,512,68,66,65,3,1,443,486,421,0.1328125,0.12890625,0.126953125,0.94921875,0.822265625,0.9558823529411765,0.04411764705882353,0.0022522522522522522,0.9481981981981982
relative_transformer_seed40,relative_transformer,40,all,2048,1416,1415,1408,8,7,625,2029,621,0.69140625,0.69091796875,0.6875,0.99072265625,0.30322265625,0.9943502824858758,0.005649717514124294,0.011075949367088608,0.9825949367088608
relative_transformer_seed40,relative_transformer,40,binding,1024,490,488,482,8,6,528,1006,524,0.478515625,0.4765625,0.470703125,0.982421875,0.51171875,0.9836734693877551,0.0163265306122449,0.011235955056179775,0.9812734082397003
relative_transformer_seed40,relative_transformer,40,agent,512,249,250,245,4,5,258,501,256,0.486328125,0.48828125,0.478515625,0.978515625,0.5,0.9839357429718876,0.01606425702811245,0.019011406844106463,0.973384030418251
relative_transformer_seed40,relative_transformer,40,action,512,510,510,510,0,0,2,512,2,0.99609375,0.99609375,0.99609375,1.0,0.00390625,1.0,0.0,0.0,1.0
relative_transformer_seed40,relative_transformer,40,patient,512,241,238,237,4,1,270,505,268,0.470703125,0.46484375,0.462890625,0.986328125,0.5234375,0.983402489626556,0.016597510373443983,0.0036900369003690036,0.988929889298893
relative_transformer_seed40,relative_transformer,40,place,512,416,417,416,0,1,95,511,95,0.8125,0.814453125,0.8125,0.998046875,0.185546875,1.0,0.0,0.010416666666666666,0.9895833333333334
relative_transformer_seed41,relative_transformer,41,all,2048,1537,1537,1534,3,3,508,2042,508,0.75048828125,0.75048828125,0.7490234375,0.9970703125,0.248046875,0.9980481457384516,0.001951854261548471,0.005870841487279843,0.9941291585127201
relative_transformer_seed41,relative_transformer,41,binding,1024,513,513,510,3,3,508,1018,508,0.5009765625,0.5009765625,0.498046875,0.994140625,0.49609375,0.9941520467836257,0.005847953216374269,0.005870841487279843,0.9941291585127201
relative_transformer_seed41,relative_transformer,41,agent,512,245,247,245,0,2,265,510,265,0.478515625,0.482421875,0.478515625,0.99609375,0.517578125,1.0,0.0,0.00749063670411985,0.9925093632958801
relative_transformer_seed41,relative_transformer,41,action,512,512,512,512,0,0,0,512,0,1.0,1.0,1.0,1.0,0.0,1.0,0.0,,
relative_transformer_seed41,relative_transformer,41,patient,512,268,266,265,3,1,243,508,243,0.5234375,0.51953125,0.517578125,0.9921875,0.474609375,0.9888059701492538,0.011194029850746268,0.004098360655737705,0.9959016393442623
relative_transformer_seed41,relative_transformer,41,place,512,512,512,512,0,0,0,512,0,1.0,1.0,1.0,1.0,0.0,1.0,0.0,,
relative_transformer_seed42,relative_transformer,42,all,2048,1543,1540,1524,19,16,489,2009,485,0.75341796875,0.751953125,0.744140625,0.98095703125,0.23681640625,0.9876863253402463,0.012313674659753726,0.031683168316831684,0.9603960396039604
relative_transformer_seed42,relative_transformer,42,binding,1024,519,516,500,19,16,489,985,485,0.5068359375,0.50390625,0.48828125,0.9619140625,0.4736328125,0.9633911368015414,0.036608863198458574,0.031683168316831684,0.9603960396039604
relative_transformer_seed42,relative_transformer,42,agent,512,269,266,259,10,7,236,493,234,0.525390625,0.51953125,0.505859375,0.962890625,0.45703125,0.9628252788104089,0.03717472118959108,0.02880658436213992,0.9629629629629629
relative_transformer_seed42,relative_transformer,42,action,512,512,512,512,0,0,0,512,0,1.0,1.0,1.0,1.0,0.0,1.0,0.0,,
relative_transformer_seed42,relative_transformer,42,patient,512,250,250,241,9,9,253,492,251,0.48828125,0.48828125,0.470703125,0.9609375,0.490234375,0.964,0.036,0.03435114503816794,0.9580152671755725
relative_transformer_seed42,relative_transformer,42,place,512,512,512,512,0,0,0,512,0,1.0,1.0,1.0,1.0,0.0,1.0,0.0,,
relative_transformer_seed43,relative_transformer,43,all,2048,1533,1536,1529,4,7,508,2030,501,0.74853515625,0.75,0.74658203125,0.9912109375,0.24462890625,0.9973907371167645,0.002609262883235486,0.013592233009708738,0.9728155339805825
relative_transformer_seed43,relative_transformer,43,binding,1024,509,512,505,4,7,508,1006,501,0.4970703125,0.5,0.4931640625,0.982421875,0.4892578125,0.9921414538310412,0.007858546168958742,0.013592233009708738,0.9728155339805825
relative_transformer_seed43,relative_transformer,43,agent,512,246,245,242,4,3,263,503,261,0.48046875,0.478515625,0.47265625,0.982421875,0.509765625,0.983739837398374,0.016260162601626018,0.011278195488721804,0.981203007518797
relative_transformer_seed43,relative_transformer,43,action,512,512,512,512,0,0,0,512,0,1.0,1.0,1.0,1.0,0.0,1.0,0.0,,
relative_transformer_seed43,relative_transformer,43,patient,512,263,267,263,0,4,245,503,240,0.513671875,0.521484375,0.513671875,0.982421875,0.46875,1.0,0.0,0.01606425702811245,0.963855421686747
relative_transformer_seed43,relative_transformer,43,place,512,512,512,512,0,0,0,512,0,1.0,1.0,1.0,1.0,0.0,1.0,0.0,,
relative_transformer_seed44,relative_transformer,44,all,2048,1499,1499,1488,11,11,538,2024,536,0.73193359375,0.73193359375,0.7265625,0.98828125,0.26171875,0.9926617745163442,0.00733822548365577,0.020036429872495445,0.97632058287796
relative_transformer_seed44,relative_transformer,44,binding,1024,496,498,488,8,10,518,1004,516,0.484375,0.486328125,0.4765625,0.98046875,0.50390625,0.9838709677419355,0.016129032258064516,0.01893939393939394,0.9772727272727273
relative_transformer_seed44,relative_transformer,44,agent,512,252,251,246,6,5,255,500,254,0.4921875,0.490234375,0.48046875,0.9765625,0.49609375,0.9761904761904762,0.023809523809523808,0.019230769230769232,0.9769230769230769
relative_transformer_seed44,relative_transformer,44,action,512,509,508,508,1,0,3,511,3,0.994140625,0.9921875,0.9921875,0.998046875,0.005859375,0.9980353634577603,0.0019646365422396855,0.0,1.0
relative_transformer_seed44,relative_transformer,44,patient,512,244,247,242,2,5,263,504,262,0.4765625,0.482421875,0.47265625,0.984375,0.51171875,0.9918032786885246,0.00819672131147541,0.018656716417910446,0.9776119402985075
relative_transformer_seed44,relative_transformer,44,place,512,494,493,492,2,1,17,509,17,0.96484375,0.962890625,0.9609375,0.994140625,0.033203125,0.9959514170040485,0.004048582995951417,0.05555555555555555,0.9444444444444444
