seed,checkpoint_after_task,evaluation_task,n,correct,accuracy,binding,cross_entropy
20,0,0,1024,204,0.19921875,0.291015625,1.9111936484114267
20,0,1,1024,84,0.08203125,0.0,6.459765472536674
20,0,2,1024,62,0.060546875,0.0,6.125097602052847
20,1,0,1024,143,0.1396484375,0.0,6.4825288422353005
20,1,1,1024,228,0.22265625,0.20703125,1.8753293801750672
20,1,2,1024,145,0.1416015625,0.0,6.845297609621649
20,2,0,1024,354,0.345703125,0.0,10.465164653256204
20,2,1,1024,363,0.3544921875,0.0,9.561833410807598
20,2,2,1024,480,0.46875,0.224609375,1.6215765415711092
21,0,0,1024,231,0.2255859375,0.27734375,2.1544012994506136
21,0,1,1024,62,0.060546875,0.0,7.65919245945937
21,0,2,1024,92,0.08984375,0.0,7.131718430239608
21,1,0,1024,223,0.2177734375,0.0,7.426552531353593
21,1,1,1024,376,0.3671875,0.24609375,1.6081530192602589
21,1,2,1024,264,0.2578125,0.0,7.179039527505081
21,2,0,1024,346,0.337890625,0.0,8.996606366978991
21,2,1,1024,362,0.353515625,0.0,9.097419124296877
21,2,2,1024,477,0.4658203125,0.197265625,2.0390143903018254
