panel,contrast,metric,init20,init21,n,mean,sample_sd,minimum,maximum,df,t95_lower,t95_upper,definition
factorial,tying,macro_agent_patient_accuracy,0.0057373046875,-0.0106201171875,2,-0.00244140625,0.01156644393054167,-0.0106201171875,0.0057373046875,1,-0.10636178189986636,0.10147896939986636,"Raw 1-factor difference, averaged equally over remaining factors; positive direction 0 to 1."
factorial_conditional,tying__school0_reinjection0,macro_agent_patient_accuracy,-0.00830078125,-0.00341796875,2,-0.005859375,0.003452669830012439,-0.00830078125,-0.00341796875,1,-0.036880382656676536,0.025161632656676532,Raw 1-factor difference conditional on school0_reinjection0.
factorial_conditional,tying__school0_reinjection1,macro_agent_patient_accuracy,0.013671875,-0.001953125,2,0.005859375,0.011048543456039806,-0.001953125,0.013671875,1,-0.0934078495013649,0.1051265995013649,Raw 1-factor difference conditional on school0_reinjection1.
factorial_conditional,tying__school1_reinjection0,macro_agent_patient_accuracy,-0.0078125,-0.013671875,2,-0.0107421875,0.0041432037960149265,-0.013671875,-0.0078125,1,-0.04796739668801183,0.02648302168801183,Raw 1-factor difference conditional on school1_reinjection0.
factorial_conditional,tying__school1_reinjection1,macro_agent_patient_accuracy,0.025390625,-0.0234375,2,0.0009765625,0.03452669830012439,-0.0234375,0.025390625,1,-0.3092335140667653,0.3111866390667653,Raw 1-factor difference conditional on school1_reinjection1.
factorial,school,macro_agent_patient_accuracy,0.0006103515625,0.0179443359375,2,0.00927734375,0.012256977896544159,0.0006103515625,0.0179443359375,1,-0.10084723343120168,0.11940192093120168,"Raw 1-factor difference, averaged equally over remaining factors; positive direction 0 to 1."
factorial_conditional,school__tying0_reinjection0,macro_agent_patient_accuracy,-0.001953125,0.02587890625,2,0.011962890625,0.019680218031070902,-0.001953125,0.02587890625,1,-0.1648568530180562,0.1887826342680562,Raw 1-factor difference conditional on tying0_reinjection0.
factorial_conditional,school__tying0_reinjection1,macro_agent_patient_accuracy,-0.0029296875,0.02587890625,2,0.011474609375,0.020370751997073392,-0.0029296875,0.02587890625,1,-0.17154933579939152,0.19449855454939152,Raw 1-factor difference conditional on tying0_reinjection1.
factorial_conditional,school__tying1_reinjection0,macro_agent_patient_accuracy,-0.00146484375,0.015625,2,0.007080078125,0.012084344405043537,-0.00146484375,0.015625,1,-0.10149344867336786,0.11565360492336786,Raw 1-factor difference conditional on tying1_reinjection0.
factorial_conditional,school__tying1_reinjection1,macro_agent_patient_accuracy,0.0087890625,0.00439453125,2,0.006591796875,0.003107402847011195,0.00439453125,0.0087890625,1,-0.021327110016008875,0.03451070376600887,Raw 1-factor difference conditional on tying1_reinjection1.
factorial,reinjection,macro_agent_patient_accuracy,0.0050048828125,-0.0074462890625,2,-0.001220703125,0.00880430806653172,-0.0074462890625,0.0050048828125,1,-0.08032427264952514,0.07788286639952514,"Raw 1-factor difference, averaged equally over remaining factors; positive direction 0 to 1."
factorial_conditional,reinjection__tying0_school0,macro_agent_patient_accuracy,-0.00830078125,-0.00537109375,2,-0.0068359375,0.0020716018980074633,-0.00830078125,-0.00537109375,1,-0.025448542094005915,0.011776667094005915,Raw 1-factor difference conditional on tying0_school0.
factorial_conditional,reinjection__tying0_school1,macro_agent_patient_accuracy,-0.00927734375,-0.00537109375,2,-0.00732421875,0.0027621358640099515,-0.00927734375,-0.00537109375,1,-0.03214102487534122,0.017492587375341224,Raw 1-factor difference conditional on tying0_school1.
factorial_conditional,reinjection__tying1_school0,macro_agent_patient_accuracy,0.013671875,-0.00390625,2,0.0048828125,0.01242961138804478,-0.00390625,0.013671875,1,-0.1067928150640355,0.1165584400640355,Raw 1-factor difference conditional on tying1_school0.
factorial_conditional,reinjection__tying1_school1,macro_agent_patient_accuracy,0.02392578125,-0.01513671875,2,0.00439453125,0.027621358640099514,-0.01513671875,0.02392578125,1,-0.24377353000341226,0.2525625925034123,Raw 1-factor difference conditional on tying1_school1.
factorial,tying_by_school,macro_agent_patient_accuracy,0.006103515625,-0.015869140625,2,-0.0048828125,0.015537014235055976,-0.015869140625,0.006103515625,1,-0.14447734695504438,0.13471172195504438,"Raw 2-factor difference, averaged equally over remaining factors; positive direction 0 to 1."
factorial_conditional,tying_by_school__reinjection0,macro_agent_patient_accuracy,0.00048828125,-0.01025390625,2,-0.0048828125,0.007595873626027366,-0.01025390625,0.00048828125,1,-0.07312902934468836,0.06336340434468836,Raw 2-factor difference conditional on reinjection0.
factorial_conditional,tying_by_school__reinjection1,macro_agent_patient_accuracy,0.01171875,-0.021484375,2,-0.0048828125,0.023478154844084585,-0.021484375,0.01171875,1,-0.2158256645654004,0.2060600395654004,Raw 2-factor difference conditional on reinjection1.
factorial,tying_by_reinjection,macro_agent_patient_accuracy,0.027587890625,-0.004150390625,2,0.01171875,0.022442353895080855,-0.004150390625,0.027587890625,1,-0.18991779976839746,0.21335529976839746,"Raw 2-factor difference, averaged equally over remaining factors; positive direction 0 to 1."
factorial_conditional,tying_by_reinjection__school0,macro_agent_patient_accuracy,0.02197265625,0.00146484375,2,0.01171875,0.014501213286052243,0.00146484375,0.02197265625,1,-0.11856948215804142,0.14200698215804142,Raw 2-factor difference conditional on school0.
factorial_conditional,tying_by_reinjection__school1,macro_agent_patient_accuracy,0.033203125,-0.009765625,2,0.01171875,0.030383494504109463,-0.009765625,0.033203125,1,-0.26126611737875344,0.28470361737875344,Raw 2-factor difference conditional on school1.
factorial,school_by_reinjection,macro_agent_patient_accuracy,0.004638671875,-0.005615234375,2,-0.00048828125,0.007250606643026122,-0.005615234375,0.004638671875,1,-0.06563239732902071,0.06465583482902071,"Raw 2-factor difference, averaged equally over remaining factors; positive direction 0 to 1."
factorial_conditional,school_by_reinjection__tying0,macro_agent_patient_accuracy,-0.0009765625,0.0,2,-0.00048828125,0.0006905339660024879,-0.0009765625,0.0,1,-0.006692482781335306,0.005715920281335306,Raw 2-factor difference conditional on tying0.
factorial_conditional,school_by_reinjection__tying1,macro_agent_patient_accuracy,0.01025390625,-0.01123046875,2,-0.00048828125,0.015191747252054731,-0.01123046875,0.01025390625,1,-0.13698071493937672,0.13600415243937672,Raw 2-factor difference conditional on tying1.
factorial,tying_by_school_by_reinjection,macro_agent_patient_accuracy,0.01123046875,-0.01123046875,2,0.0,0.01588228121805722,-0.01123046875,0.01123046875,1,-0.14269663522071202,0.14269663522071202,"Raw 3-factor difference, averaged equally over remaining factors; positive direction 0 to 1."
recurrence_trained,trained_T1_minus_trained_T16,macro_agent_patient_accuracy,-0.02685546875,0.005859375,2,-0.010498046875,0.02313288786108334,-0.02685546875,0.005859375,1,-0.21833879817473273,0.19734270442473273,Separate training runs at the two horizons; changes compute/locality/optimization.
recurrence_deployment,same_T16_weights_eval_T1_minus_eval_T16,macro_agent_patient_accuracy,-0.0322265625,0.02099609375,2,-0.005615234375,0.037634101147135585,-0.0322265625,0.02099609375,1,-0.34374421783277415,0.33251374908277415,Inference truncation on the same T16-trained checkpoint.
recurrence_trained,trained_T4_minus_trained_T16,macro_agent_patient_accuracy,-0.0146484375,0.01123046875,2,-0.001708984375,0.018299150099065926,-0.0146484375,0.01123046875,1,-0.1661203249553856,0.1627023562053856,Separate training runs at the two horizons; changes compute/locality/optimization.
recurrence_deployment,same_T16_weights_eval_T4_minus_eval_T16,macro_agent_patient_accuracy,-0.00927734375,-0.00146484375,2,-0.00537109375,0.005524271728019903,-0.00927734375,-0.00146484375,1,-0.05500470600068245,0.04426251850068245,Inference truncation on the same T16-trained checkpoint.
damage,damage_training_minus_clean_training__eval_lesion0,macro_agent_patient_accuracy,-0.00341796875,0.00732421875,2,0.001953125,0.007595873626027366,-0.00341796875,0.00732421875,1,-0.06629309184468836,0.07019934184468836,"Q(train1,evalL) minus Q(train0,evalL)."
damage,damage_training_minus_clean_training__eval_lesion1,macro_agent_patient_accuracy,0.00927734375,0.01171875,2,0.010498046875,0.0017263349150062196,0.00927734375,0.01171875,1,-0.005012456953338266,0.026008550703338268,"Q(train1,evalL) minus Q(train0,evalL)."
damage,eval_lesion_minus_clean__training_damage0,macro_agent_patient_accuracy,-0.00732421875,0.00341796875,2,-0.001953125,0.007595873626027366,-0.00732421875,0.00341796875,1,-0.07019934184468836,0.06629309184468836,"Q(trainZ,eval1) minus Q(trainZ,eval0)."
damage,eval_lesion_minus_clean__training_damage1,macro_agent_patient_accuracy,0.00537109375,0.0078125,2,0.006591796875,0.0017263349150062196,0.00537109375,0.0078125,1,-0.008918706953338266,0.022102300703338268,"Q(trainZ,eval1) minus Q(trainZ,eval0)."
damage,training_damage_by_eval_lesion,macro_agent_patient_accuracy,0.0126953125,0.00439453125,2,0.008544921875,0.005869538711021146,0.00439453125,0.0126953125,1,-0.0441907911413501,0.0612806348913501,"(Q11-Q10)-(Q01-Q00); positive means a less adverse lesion effect, not necessarily high absolute accuracy."
budget,updates8192_minus1024__school0,macro_agent_patient_accuracy,0.15771484375,0.06591796875,2,0.11181640625,0.06491019280423385,0.06591796875,0.15771484375,1,-0.47137853769551874,0.6950113501955187,Eightfold update/exposure contrast at fixed tying/reinjection/T/LR.
budget,updates8192_minus1024__school1,macro_agent_patient_accuracy,0.0625,0.1484375,2,0.10546875,0.060766989008218926,0.0625,0.1484375,1,-0.4405009847575069,0.6514384847575069,Eightfold update/exposure contrast at fixed tying/reinjection/T/LR.
budget,budget_by_school,macro_agent_patient_accuracy,-0.09521484375,0.08251953125,2,-0.00634765625,0.12567718181245277,-0.09521484375,0.08251953125,1,-1.1355123349530256,1.1228170224530256,(8192-1024 at school0.3) minus (8192-1024 at school0).
budget_conditional,school03_minus0__updates8192,macro_agent_patient_accuracy,-0.08642578125,0.0869140625,2,0.000244140625,0.12256977896544159,-0.08642578125,0.0869140625,1,-1.1010016311870168,1.1014899124370168,Conditional school effect at 8192 updates; the 1024 counterpart is a factorial conditional effect.
